filepath,xmin,xmax,ymin,ymax
C:/Users/saira/project/images_new\0073797c-a755-4972-b76b-8ef2b31d44ab___new_IMG_20160315_071740-jpg_jpeg.rf.3df27a5d925286d290909888ee4d7773.xml,186,432,405,491
C:/Users/saira/project/images_new\0073797c-a755-4972-b76b-8ef2b31d44ab___new_IMG_20160315_071740-jpg_jpeg.rf.98718e1e3b9d2f205785e5f1ae8ddbbe.xml,197,452,391,506
C:/Users/saira/project/images_new\0073797c-a755-4972-b76b-8ef2b31d44ab___new_IMG_20160315_071740-jpg_jpeg.rf.d1f8da15ccaa07f462f13934ee752d89.xml,147,407,367,514
C:/Users/saira/project/images_new\03273806-bb1e-48da-8c8b-a0133a90197a___2014-Skoda-Yeti-Test-Drive-jpg_jpeg.rf.4d28e9d418cb7fcf4161a65edfb60b1f.xml,207,405,398,452
C:/Users/saira/project/images_new\03273806-bb1e-48da-8c8b-a0133a90197a___2014-Skoda-Yeti-Test-Drive-jpg_jpeg.rf.dd600932bde6abc10475701bb73e5bf3.xml,224,429,381,472
C:/Users/saira/project/images_new\03273806-bb1e-48da-8c8b-a0133a90197a___2014-Skoda-Yeti-Test-Drive-jpg_jpeg.rf.f9db7e437456840d1afc970f1743b624.xml,241,442,392,456
C:/Users/saira/project/images_new\07064c2c-2aa3-4419-91a4-92916de8e54c___mahindra-scorpio-old-car-500x500-jpg_jpeg.rf.125ad1f38f462c09f2dc2260eef5ad2b.xml,167,333,455,504
C:/Users/saira/project/images_new\07064c2c-2aa3-4419-91a4-92916de8e54c___mahindra-scorpio-old-car-500x500-jpg_jpeg.rf.18e4abee37a45ccb61af77f028509e81.xml,266,428,446,539
C:/Users/saira/project/images_new\07064c2c-2aa3-4419-91a4-92916de8e54c___mahindra-scorpio-old-car-500x500-jpg_jpeg.rf.22d2a686967970e28373b14dfdf2d927.xml,289,453,452,523
C:/Users/saira/project/images_new\0850c175-0b8d-47f2-801c-e29f1dbdb367___3e7fd381-0ae5-4421-8a70-279ee0ec1c61_571_jpg.rf.a28bf9fa0f76816525136c7c230d6a58.xml,316,469,318,399
C:/Users/saira/project/images_new\0850c175-0b8d-47f2-801c-e29f1dbdb367___3e7fd381-0ae5-4421-8a70-279ee0ec1c61_571_jpg.rf.a6929e1a4df99a2e3cced9b5dabf198b.xml,302,464,348,396
C:/Users/saira/project/images_new\0850c175-0b8d-47f2-801c-e29f1dbdb367___3e7fd381-0ae5-4421-8a70-279ee0ec1c61_571_jpg.rf.d1a95a7899d1fdbb9957564fe1a5f343.xml,172,321,295,397
C:/Users/saira/project/images_new\11186c4c-5f17-49b1-af37-a138a1e53794___12837944763_e7c6c6381a_z-jpg_jpeg.rf.3031af60a146a14efa1e8ded28cd2360.xml,224,436,260,367
C:/Users/saira/project/images_new\11186c4c-5f17-49b1-af37-a138a1e53794___12837944763_e7c6c6381a_z-jpg_jpeg.rf.7bdde6410a06854897cf05ccc784d10f.xml,227,431,279,344
C:/Users/saira/project/images_new\11186c4c-5f17-49b1-af37-a138a1e53794___12837944763_e7c6c6381a_z-jpg_jpeg.rf.def94fa0ac3c13a7fcf17fd850c4e3a6.xml,210,416,275,348
C:/Users/saira/project/images_new\125b5cda-9691-47aa-8e57-f6d8a8537d83___fancy_number_plates_in_india-jpg_jpeg.rf.32a19f069a5c89d2c12844da01876cad.xml,70,508,211,341
C:/Users/saira/project/images_new\125b5cda-9691-47aa-8e57-f6d8a8537d83___fancy_number_plates_in_india-jpg_jpeg.rf.5659df6932e0e71e3610c4603e9bc9ae.xml,128,574,194,354
C:/Users/saira/project/images_new\125b5cda-9691-47aa-8e57-f6d8a8537d83___fancy_number_plates_in_india-jpg_jpeg.rf.cfa651187da6e396d443c5ae390f6bd5.xml,69,517,190,358
C:/Users/saira/project/images_new\1438b735-2d21-4879-8ed4-e5fa086e70c8___Maruti-Suzuki-Swift-Dzire-1-jpg_jpeg.rf.212f9d8f52ae6e166ea0e8f89f00dbfa.xml,196,379,409,484
C:/Users/saira/project/images_new\1438b735-2d21-4879-8ed4-e5fa086e70c8___Maruti-Suzuki-Swift-Dzire-1-jpg_jpeg.rf.e95b07d7248f82cc15fe95d57fae9e3a.xml,243,422,428,473
C:/Users/saira/project/images_new\1438b735-2d21-4879-8ed4-e5fa086e70c8___Maruti-Suzuki-Swift-Dzire-1-jpg_jpeg.rf.fd598213ec78e25f5ce5763a18e9391e.xml,245,424,427,475
C:/Users/saira/project/images_new\175ff546-0679-4cbb-ab03-acfcd96877b7___Maruti_Wagon_R_Rear-jpg_jpeg.rf.034b52c8c3e52b642c3741a7a9f54035.xml,209,396,404,455
C:/Users/saira/project/images_new\175ff546-0679-4cbb-ab03-acfcd96877b7___Maruti_Wagon_R_Rear-jpg_jpeg.rf.cf9fab7a1668b9ec14018cb878e0eab0.xml,212,398,406,454
C:/Users/saira/project/images_new\175ff546-0679-4cbb-ab03-acfcd96877b7___Maruti_Wagon_R_Rear-jpg_jpeg.rf.d9a3606a001e2aa47605129461f0399b.xml,201,390,396,460
C:/Users/saira/project/images_new\206c95ff-83b8-4273-b105-6637bf9a3038___numerix-number-plates-thodupuzha-idukki-number-plate-dealers-1lhwiga-jpg_jpeg.rf.3ae25f561653fc975980c7d9ea79623e.xml,242,510,258,407
C:/Users/saira/project/images_new\206c95ff-83b8-4273-b105-6637bf9a3038___numerix-number-plates-thodupuzha-idukki-number-plate-dealers-1lhwiga-jpg_jpeg.rf.6a119e07d9414cb91eb0834f877e2090.xml,231,524,220,422
C:/Users/saira/project/images_new\206c95ff-83b8-4273-b105-6637bf9a3038___numerix-number-plates-thodupuzha-idukki-number-plate-dealers-1lhwiga-jpg_jpeg.rf.9097ee7e236be79a2221f1988ca9e251.xml,126,410,248,429
C:/Users/saira/project/images_new\2153dfcb-5968-4bfc-86ba-7ee8ec2d25b1___163231d1425035435-skoda-rapid-tdi-remapped-code-6-tuning-ind-front-jpg_jpeg.rf.11872d14cea2d7279efc06b99d7797a9.xml,82,217,425,470
C:/Users/saira/project/images_new\2153dfcb-5968-4bfc-86ba-7ee8ec2d25b1___163231d1425035435-skoda-rapid-tdi-remapped-code-6-tuning-ind-front-jpg_jpeg.rf.e4dba57d10ad513a960c486854055ed6.xml,74,207,417,453
C:/Users/saira/project/images_new\2153dfcb-5968-4bfc-86ba-7ee8ec2d25b1___163231d1425035435-skoda-rapid-tdi-remapped-code-6-tuning-ind-front-jpg_jpeg.rf.e50e5b131848e180ec278d4d2f91b553.xml,95,232,435,494
C:/Users/saira/project/images_new\2424211e-e6ba-4478-8ed1-6a04e25499c7___main-qimg-7673aeac86d0ef987deb837552c5dd4c-1_png.rf.38f95f42ce67cb9ea147ad80cf471aca.xml,118,278,459,556
C:/Users/saira/project/images_new\2424211e-e6ba-4478-8ed1-6a04e25499c7___main-qimg-7673aeac86d0ef987deb837552c5dd4c-1_png.rf.55b1459409a9e72fdf31681f15e924ba.xml,155,318,494,562
C:/Users/saira/project/images_new\2424211e-e6ba-4478-8ed1-6a04e25499c7___main-qimg-7673aeac86d0ef987deb837552c5dd4c-1_png.rf.87c9cbca3886e4b1b743508ec4c7d924.xml,309,475,505,561
C:/Users/saira/project/images_new\254b647f-4cb3-46c3-a206-4e70041f4c78___speedex-number-plates-nandanam-chennai-car-number-plate-dealers-33nu2i6-jpg_jpeg.rf.2c146bda29e9c25d413eca11b300b140.xml,224,401,212,265
C:/Users/saira/project/images_new\254b647f-4cb3-46c3-a206-4e70041f4c78___speedex-number-plates-nandanam-chennai-car-number-plate-dealers-33nu2i6-jpg_jpeg.rf.6ad9bb46eeede7d83a6abcee4f1a5309.xml,225,400,211,266
C:/Users/saira/project/images_new\254b647f-4cb3-46c3-a206-4e70041f4c78___speedex-number-plates-nandanam-chennai-car-number-plate-dealers-33nu2i6-jpg_jpeg.rf.f7218556422435047c7efe2543bd60e0.xml,229,405,199,278
C:/Users/saira/project/images_new\266d82c7-1b64-44cd-b77c-c08d98175390___3e7fd381-0ae5-4421-8a70-279ee0ec1c61_5c752daa8d168dec865fe0462bf2c0bb_large_jpg.rf.82bfb3f8de83a0ae69675c0da1daa6c1.xml,204,365,466,543
C:/Users/saira/project/images_new\266d82c7-1b64-44cd-b77c-c08d98175390___3e7fd381-0ae5-4421-8a70-279ee0ec1c61_5c752daa8d168dec865fe0462bf2c0bb_large_jpg.rf.df542a7dde3b5f0cb203b12c3fb5d856.xml,245,405,483,534
C:/Users/saira/project/images_new\266d82c7-1b64-44cd-b77c-c08d98175390___3e7fd381-0ae5-4421-8a70-279ee0ec1c61_5c752daa8d168dec865fe0462bf2c0bb_large_jpg.rf.e60d98c76b7d89cc27307fa8f1829c85.xml,227,384,490,525
C:/Users/saira/project/images_new\31847e78-6696-4dc2-be08-cb37d512c576___2010_Maruti_WagonR_Review-jpg_jpeg.rf.07580c601a234f95463692c2098b5e38.xml,36,205,422,503
C:/Users/saira/project/images_new\31847e78-6696-4dc2-be08-cb37d512c576___2010_Maruti_WagonR_Review-jpg_jpeg.rf.e5c9699767e7bc37ab14174b7645e872.xml,64,245,472,529
C:/Users/saira/project/images_new\31847e78-6696-4dc2-be08-cb37d512c576___2010_Maruti_WagonR_Review-jpg_jpeg.rf.ee30f3217fc46712b212fed324ed4943.xml,53,231,461,517
C:/Users/saira/project/images_new\319f51dc-9db2-4977-a43d-09561cdd54ab___1415806d1442489743t-raging-red-rover-r3-my-mahindra-scorpio-s10-4x4-nudge-guard-jpg_jpeg.rf.74a06d851c40356b28368eecff87ba4a.xml,288,466,1,76
C:/Users/saira/project/images_new\319f51dc-9db2-4977-a43d-09561cdd54ab___1415806d1442489743t-raging-red-rover-r3-my-mahindra-scorpio-s10-4x4-nudge-guard-jpg_jpeg.rf.8cc55638b57fef904ff132da7532626c.xml,196,373,1,67
C:/Users/saira/project/images_new\319f51dc-9db2-4977-a43d-09561cdd54ab___1415806d1442489743t-raging-red-rover-r3-my-mahindra-scorpio-s10-4x4-nudge-guard-jpg_jpeg.rf.fd7ab6514af00f0d7824a0427d5b78ca.xml,226,398,8,52
C:/Users/saira/project/images_new\346a6946-ae0a-4b3f-b094-d971124b2064___banner_3_png.rf.0096946d63281fb070b4c440b137505e.xml,247,410,347,420
C:/Users/saira/project/images_new\346a6946-ae0a-4b3f-b094-d971124b2064___banner_3_png.rf.911a26193b78206e56aabf323571988e.xml,244,409,344,423
C:/Users/saira/project/images_new\346a6946-ae0a-4b3f-b094-d971124b2064___banner_3_png.rf.9946b3ca2e094a11e55f96ee8806783e.xml,241,416,330,438
C:/Users/saira/project/images_new\3515f71d-cdd6-4050-ae68-7b7afd4c0a11___8_jpeg.rf.28da0556fffa88976992903f8a90c588.xml,168,520,289,451
C:/Users/saira/project/images_new\3515f71d-cdd6-4050-ae68-7b7afd4c0a11___8_jpeg.rf.bc327fb4af10c8fdd30918c050b2a5db.xml,158,511,328,421
C:/Users/saira/project/images_new\3515f71d-cdd6-4050-ae68-7b7afd4c0a11___8_jpeg.rf.fea6b05856c9328ed7e3dd06e4f1251b.xml,123,477,295,446
C:/Users/saira/project/images_new\369ccb4b-88fe-4e97-91c1-3838da2b7563___3e7fd381-0ae5-4421-8a70-279ee0ec1c61_Honda-Jazz-Number-Plates-Designs_jpg.rf.2a405c4c19b155d972df0e1b6825bf19.xml,273,434,219,324
C:/Users/saira/project/images_new\369ccb4b-88fe-4e97-91c1-3838da2b7563___3e7fd381-0ae5-4421-8a70-279ee0ec1c61_Honda-Jazz-Number-Plates-Designs_jpg.rf.4f2ca8eed44ed47218315bbe26580bd4.xml,235,407,183,346
C:/Users/saira/project/images_new\369ccb4b-88fe-4e97-91c1-3838da2b7563___3e7fd381-0ae5-4421-8a70-279ee0ec1c61_Honda-Jazz-Number-Plates-Designs_jpg.rf.5f4020e3926f4b804ae22630b71ad51e.xml,224,387,202,335
C:/Users/saira/project/images_new\377b225b-e978-4e7c-8e5e-f10d8effc336___Maruti-Suzuki-Ignis-Rear-view-94486-jpg_jpeg.rf.49e24ec2272e749e290b433727799633.xml,168,331,448,518
C:/Users/saira/project/images_new\377b225b-e978-4e7c-8e5e-f10d8effc336___Maruti-Suzuki-Ignis-Rear-view-94486-jpg_jpeg.rf.529cf4c9c7f7b7dcf415329e3794c375.xml,165,328,445,517
C:/Users/saira/project/images_new\377b225b-e978-4e7c-8e5e-f10d8effc336___Maruti-Suzuki-Ignis-Rear-view-94486-jpg_jpeg.rf.61cd68ca0bac62caf02cfd64ad4d6bfa.xml,191,361,449,533
C:/Users/saira/project/images_new\5231116f-7a07-4ce2-b437-d34b497e7969___3e7fd381-0ae5-4421-8a70-279ee0ec1c61_844329566_3_1080x720_nissan-terrano-xe-d-2014-diesel-_jpg.rf.0afab0223f462e73c22fbda40d3e20cd.xml,231,391,296,357
C:/Users/saira/project/images_new\5231116f-7a07-4ce2-b437-d34b497e7969___3e7fd381-0ae5-4421-8a70-279ee0ec1c61_844329566_3_1080x720_nissan-terrano-xe-d-2014-diesel-_jpg.rf.6511d1039bd75a8af447a1561c289ae3.xml,253,411,311,337
C:/Users/saira/project/images_new\5231116f-7a07-4ce2-b437-d34b497e7969___3e7fd381-0ae5-4421-8a70-279ee0ec1c61_844329566_3_1080x720_nissan-terrano-xe-d-2014-diesel-_jpg.rf.f2b9654c7a9c0e30cb0835bcfdb9abd5.xml,230,389,288,354
C:/Users/saira/project/images_new\5747d3e8-4dd0-435f-942d-34b84f03344c___Maruti-Suzuki-Swift-Number-Plates-Design-jpg_jpeg.rf.70348db0f904986943f9c000d41d0e5e.xml,234,476,354,460
C:/Users/saira/project/images_new\5747d3e8-4dd0-435f-942d-34b84f03344c___Maruti-Suzuki-Swift-Number-Plates-Design-jpg_jpeg.rf.c8a8b2ac8cb4bdbf5aa46c31d988dd73.xml,188,427,383,443
C:/Users/saira/project/images_new\5747d3e8-4dd0-435f-942d-34b84f03344c___Maruti-Suzuki-Swift-Number-Plates-Design-jpg_jpeg.rf.d992e646091b6fd20fd596c81610d8e7.xml,168,410,356,458
C:/Users/saira/project/images_new\6578ae52-8431-4854-ba24-756888891756___1496414894_2017-maruti-suzuki-ciaz-jpg_jpeg.rf.1ab0033ea8aad9fda21fa00fb6d635cb.xml,308,435,253,307
C:/Users/saira/project/images_new\6578ae52-8431-4854-ba24-756888891756___1496414894_2017-maruti-suzuki-ciaz-jpg_jpeg.rf.65fc2370c0611fd69d12dfbb3e411a9b.xml,204,329,267,306
C:/Users/saira/project/images_new\6578ae52-8431-4854-ba24-756888891756___1496414894_2017-maruti-suzuki-ciaz-jpg_jpeg.rf.bd22f5b87f1040edc0413e66733a4f3c.xml,298,422,229,309
C:/Users/saira/project/images_new\684f079f-6085-420c-8e4e-e1aed270fc05___Toyota-Fortuner-Number-Plates-Design-jpg_jpeg.rf.76a2b98c6f55e5c70c8ebd8313c93a4d.xml,252,356,364,411
C:/Users/saira/project/images_new\684f079f-6085-420c-8e4e-e1aed270fc05___Toyota-Fortuner-Number-Plates-Design-jpg_jpeg.rf.7c3128f216eafc247965bba5e255c849.xml,272,376,352,427
C:/Users/saira/project/images_new\684f079f-6085-420c-8e4e-e1aed270fc05___Toyota-Fortuner-Number-Plates-Design-jpg_jpeg.rf.ebf387ae6ebb61698b9919484f54c0d1.xml,282,382,361,416
C:/Users/saira/project/images_new\7070d6ac-5425-4d33-a78e-a48c62d0fac5___Honda-Jazz-Number-Plate-Designs-jpg_jpeg.rf.1413f213cd9a44c33cb60cf3cc4818a0.xml,142,558,199,409
C:/Users/saira/project/images_new\7070d6ac-5425-4d33-a78e-a48c62d0fac5___Honda-Jazz-Number-Plate-Designs-jpg_jpeg.rf.bd68ff05e79b23fc6327044dc91bc29a.xml,82,508,200,412
C:/Users/saira/project/images_new\7070d6ac-5425-4d33-a78e-a48c62d0fac5___Honda-Jazz-Number-Plate-Designs-jpg_jpeg.rf.ddeec5c4482ca5b5628108c36c6fcca7.xml,131,570,173,444
C:/Users/saira/project/images_new\712ecd95-753f-4d67-ae42-e8b5254e6e94___28iam53-jpg_jpeg.rf.15feef90380f942018d68ce7aee021d0.xml,306,519,232,325
C:/Users/saira/project/images_new\712ecd95-753f-4d67-ae42-e8b5254e6e94___28iam53-jpg_jpeg.rf.8936bebda2ed5fb1f87c665dcfc3b44c.xml,121,335,261,396
C:/Users/saira/project/images_new\712ecd95-753f-4d67-ae42-e8b5254e6e94___28iam53-jpg_jpeg.rf.ad5355080578c872dfcd7c98c5e32d22.xml,123,336,259,345
C:/Users/saira/project/images_new\760ba77a-8992-4574-8cba-6c081d9e3e19___3e7fd381-0ae5-4421-8a70-279ee0ec1c61_04f4c639c871fba0b4cc6475604e40b7_large_jpg.rf.088f55d9733333def1afa13e4376c23d.xml,198,390,426,480
C:/Users/saira/project/images_new\760ba77a-8992-4574-8cba-6c081d9e3e19___3e7fd381-0ae5-4421-8a70-279ee0ec1c61_04f4c639c871fba0b4cc6475604e40b7_large_jpg.rf.637d85fd81fbd5310e1512362615a82c.xml,184,375,413,486
C:/Users/saira/project/images_new\760ba77a-8992-4574-8cba-6c081d9e3e19___3e7fd381-0ae5-4421-8a70-279ee0ec1c61_04f4c639c871fba0b4cc6475604e40b7_large_jpg.rf.6de30e8690f3a3ddb219b9073dfb1fa7.xml,232,427,443,473
C:/Users/saira/project/images_new\79094948-25d3-418e-86fc-3c2d62917f62___513039-volkswagen-vento-test-drive-review-06032011612-jpg_jpeg.rf.2bd8b2a3c8ec8e6e396a3c948f4764b4.xml,328,531,280,420
C:/Users/saira/project/images_new\79094948-25d3-418e-86fc-3c2d62917f62___513039-volkswagen-vento-test-drive-review-06032011612-jpg_jpeg.rf.a634ec401e9efa37d54f754510ae5263.xml,113,318,306,421
C:/Users/saira/project/images_new\79094948-25d3-418e-86fc-3c2d62917f62___513039-volkswagen-vento-test-drive-review-06032011612-jpg_jpeg.rf.b7126a24996d5249b552eb363361273f.xml,314,530,328,422
C:/Users/saira/project/images_new\8187c22d-5fa4-4976-9c00-80b2ab66b97d___1290890d1411349145-take-look-number-plate-img_20140903_093600_hdr-jpg_jpeg.rf.0d3c4c27b70b6d93e3179373a8df5516.xml,173,278,303,381
C:/Users/saira/project/images_new\8187c22d-5fa4-4976-9c00-80b2ab66b97d___1290890d1411349145-take-look-number-plate-img_20140903_093600_hdr-jpg_jpeg.rf.17bb63c48662eaa7e5e441baac89f9b1.xml,365,466,316,385
C:/Users/saira/project/images_new\8187c22d-5fa4-4976-9c00-80b2ab66b97d___1290890d1411349145-take-look-number-plate-img_20140903_093600_hdr-jpg_jpeg.rf.6d03be9bf6e063bbeb91cbb04cf7a386.xml,167,279,274,368
C:/Users/saira/project/images_new\85bd88a0-ac9a-412e-ba44-2a29d209e212___4336_1466054535_9-jpg_jpeg.rf.1cde6d3fac83b4df73e61db4e6891de5.xml,359,472,253,318
C:/Users/saira/project/images_new\85bd88a0-ac9a-412e-ba44-2a29d209e212___4336_1466054535_9-jpg_jpeg.rf.90db0c1d6376e5f0e9b03eb695f95020.xml,166,278,283,329
C:/Users/saira/project/images_new\85bd88a0-ac9a-412e-ba44-2a29d209e212___4336_1466054535_9-jpg_jpeg.rf.aab564fd9dadaa56c3c1dc8f755681c7.xml,360,473,258,320
C:/Users/saira/project/images_new\85d7e25d-5aa1-4e5f-9c4e-4e671f14ddbe___77cca4b6f3864b3928824a030ba101d2-jpg_jpeg.rf.8dac7a73e6ee7030ada22da9cd0ef19d.xml,365,477,461,486
C:/Users/saira/project/images_new\85d7e25d-5aa1-4e5f-9c4e-4e671f14ddbe___77cca4b6f3864b3928824a030ba101d2-jpg_jpeg.rf.9545f7798fad6f36cf15e913c757fb5e.xml,158,271,456,479
C:/Users/saira/project/images_new\85d7e25d-5aa1-4e5f-9c4e-4e671f14ddbe___77cca4b6f3864b3928824a030ba101d2-jpg_jpeg.rf.f5544384746c9322d918d194d8f8b8f5.xml,129,241,420,465
C:/Users/saira/project/images_new\88294212-f11c-46a7-a91a-04c9da19efa6___DSC_8221-L-jpg_jpeg.rf.1f01fd710b5f26da8f43cd38f0e7c6b9.xml,337,416,297,329
C:/Users/saira/project/images_new\88294212-f11c-46a7-a91a-04c9da19efa6___DSC_8221-L-jpg_jpeg.rf.46b935d2ebcd9da76f5b43f9353e7394.xml,227,306,299,337
C:/Users/saira/project/images_new\88294212-f11c-46a7-a91a-04c9da19efa6___DSC_8221-L-jpg_jpeg.rf.7ba4efb3173886567c6ba18a4271504b.xml,227,304,298,335
C:/Users/saira/project/images_new\8906af57-0d29-417d-ac46-408425527b57___VW-Vento-TDI-CNG-Spy-Pic-2-jpg_jpeg.rf.0dbdabe5bdd9042f62ffadfb840175da.xml,271,381,359,438
C:/Users/saira/project/images_new\8906af57-0d29-417d-ac46-408425527b57___VW-Vento-TDI-CNG-Spy-Pic-2-jpg_jpeg.rf.17b8185cab588e3ec223859c279cc463.xml,264,378,356,442
C:/Users/saira/project/images_new\8906af57-0d29-417d-ac46-408425527b57___VW-Vento-TDI-CNG-Spy-Pic-2-jpg_jpeg.rf.53179f44866aeb08f16c08f2260e6777.xml,277,384,361,435
C:/Users/saira/project/images_new\931dfd5a-3d1f-4a08-9234-0453545e27ea___1297127d1412798792-maruti-ciaz-official-review-imag0627-jpg_jpeg.rf.189c979c6b7cd8ab785952aa432aaab3.xml,233,442,311,406
C:/Users/saira/project/images_new\931dfd5a-3d1f-4a08-9234-0453545e27ea___1297127d1412798792-maruti-ciaz-official-review-imag0627-jpg_jpeg.rf.669ba77bba9330faaf67531cd57a3d30.xml,236,457,308,401
C:/Users/saira/project/images_new\931dfd5a-3d1f-4a08-9234-0453545e27ea___1297127d1412798792-maruti-ciaz-official-review-imag0627-jpg_jpeg.rf.aa8d8b245e709c885c70359d71e869f7.xml,222,434,291,432
C:/Users/saira/project/images_new\93b6319a-5886-48d8-8a69-07d586751553___2014-VW-Polo-facelift-first-drive-rear-number-plate-jpg_jpeg.rf.1ec7bf376c1ca326a62cd5d5f68786c4.xml,203,515,235,391
C:/Users/saira/project/images_new\93b6319a-5886-48d8-8a69-07d586751553___2014-VW-Polo-facelift-first-drive-rear-number-plate-jpg_jpeg.rf.29171e5b13a16c6ec2b2fa1c52fa8e63.xml,203,513,238,388
C:/Users/saira/project/images_new\93b6319a-5886-48d8-8a69-07d586751553___2014-VW-Polo-facelift-first-drive-rear-number-plate-jpg_jpeg.rf.9cb450b7c88326b17f4d39955796cb8b.xml,200,510,214,402
C:/Users/saira/project/images_new\93b6ca4e-17cc-4b12-b7f5-66fb37c6107c___number-plate-factory-fitted1-jpg_jpeg.rf.0e6576c8a4f57ff5a913b1f754458daa.xml,233,431,264,379
C:/Users/saira/project/images_new\93b6ca4e-17cc-4b12-b7f5-66fb37c6107c___number-plate-factory-fitted1-jpg_jpeg.rf.8db2d50589be76e63953470d9ef91f32.xml,239,425,290,359
C:/Users/saira/project/images_new\93b6ca4e-17cc-4b12-b7f5-66fb37c6107c___number-plate-factory-fitted1-jpg_jpeg.rf.9404019918cc9c24b6c9765297010759.xml,216,406,284,366
C:/Users/saira/project/images_new\94c5a151-24b5-493c-a900-017a4353b00c___3e7fd381-0ae5-4421-8a70-279ee0ec1c61_Tata-Tiago-Front-Number-Plates-Design_jpg.rf.9495ec7267ac0cafbedbd1ef4591b6a1.xml,195,467,213,328
C:/Users/saira/project/images_new\94c5a151-24b5-493c-a900-017a4353b00c___3e7fd381-0ae5-4421-8a70-279ee0ec1c61_Tata-Tiago-Front-Number-Plates-Design_jpg.rf.d72dae94501a0dc695a307abc5e1a8cc.xml,193,463,230,310
C:/Users/saira/project/images_new\94c5a151-24b5-493c-a900-017a4353b00c___3e7fd381-0ae5-4421-8a70-279ee0ec1c61_Tata-Tiago-Front-Number-Plates-Design_jpg.rf.ffd7ebcbf442540004c9d05e0306e2e7.xml,186,452,241,298
C:/Users/saira/project/images_new\967ba4a0-eb8e-4734-aa09-c7143d0404b6___39720161008_150234-jpg_jpeg.rf.338fadaef77d0521f525346e6a1f073b.xml,221,424,354,396
C:/Users/saira/project/images_new\967ba4a0-eb8e-4734-aa09-c7143d0404b6___39720161008_150234-jpg_jpeg.rf.6dcfc6b00964d9509ad9b76084c9344d.xml,227,434,332,415
C:/Users/saira/project/images_new\967ba4a0-eb8e-4734-aa09-c7143d0404b6___39720161008_150234-jpg_jpeg.rf.7deb0b93bd2b51290ba8cd2a26602285.xml,227,434,332,415
C:/Users/saira/project/images_new\97846647-16f1-4ee2-b260-60774a21cc74___new_Maruti-Suzuki-Swift-Dzire-1-jpg_jpeg.rf.00aedf497fb225fb036fa4a6d453f3a4.xml,220,485,370,427
C:/Users/saira/project/images_new\97846647-16f1-4ee2-b260-60774a21cc74___new_Maruti-Suzuki-Swift-Dzire-1-jpg_jpeg.rf.3a55477fedd1f6b84acd2570c05bee09.xml,144,414,347,440
C:/Users/saira/project/images_new\97846647-16f1-4ee2-b260-60774a21cc74___new_Maruti-Suzuki-Swift-Dzire-1-jpg_jpeg.rf.c31c2de67d2bcc6f70962929fe64d19c.xml,175,446,342,466
C:/Users/saira/project/images_new\a285cdf6-4640-41ee-b3f3-b721f334466f___Skoda-Octavia-RS-launched-in-India-3-jpg_jpeg.rf.27563d414a0095c33e99a29f57c81213.xml,233,438,493,532
C:/Users/saira/project/images_new\a285cdf6-4640-41ee-b3f3-b721f334466f___Skoda-Octavia-RS-launched-in-India-3-jpg_jpeg.rf.70e813d9cdd90975cf42dd2d6e41ee09.xml,227,434,481,545
C:/Users/saira/project/images_new\a285cdf6-4640-41ee-b3f3-b721f334466f___Skoda-Octavia-RS-launched-in-India-3-jpg_jpeg.rf.eefc303105424d8da46a3be4b4f80236.xml,205,409,493,532
C:/Users/saira/project/images_new\a2f87691-b9f5-4274-ac5a-8764e9ba282c___1571669d1477648169-your-favourite-number-plate-font-13-jpg_jpeg.rf.07102b6cea4e84b8b9ccfc926dde44cb.xml,72,530,166,533
C:/Users/saira/project/images_new\a2f87691-b9f5-4274-ac5a-8764e9ba282c___1571669d1477648169-your-favourite-number-plate-font-13-jpg_jpeg.rf.ae65f139a63c3c13245f4493e7549833.xml,76,523,135,567
C:/Users/saira/project/images_new\a2f87691-b9f5-4274-ac5a-8764e9ba282c___1571669d1477648169-your-favourite-number-plate-font-13-jpg_jpeg.rf.eafa6565ed3e3653bab8c0a8ca218af8.xml,111,570,178,519
C:/Users/saira/project/images_new\a508ecb5-bfdd-46ba-8640-bb827b7c089c___Volkswagen-Polo-jpg_jpeg.rf.1f60eb734d9f2df6c65fff592d4751b6.xml,517,609,412,456
C:/Users/saira/project/images_new\a508ecb5-bfdd-46ba-8640-bb827b7c089c___Volkswagen-Polo-jpg_jpeg.rf.8216ce99dfa0256a2482286eaab55d9f.xml,494,592,441,499
C:/Users/saira/project/images_new\a508ecb5-bfdd-46ba-8640-bb827b7c089c___Volkswagen-Polo-jpg_jpeg.rf.e88bcd0fc73267c336c94b3db01c606c.xml,533,632,344,408
C:/Users/saira/project/images_new\a615016b-4d07-46c7-a52b-8d4319fe3a10___3e7fd381-0ae5-4421-8a70-279ee0ec1c61_nissan-terrano-rear-view_jpg.rf.85f806d1ebcb0e5fcc5ec933cbd669bf.xml,248,336,435,479
C:/Users/saira/project/images_new\a615016b-4d07-46c7-a52b-8d4319fe3a10___3e7fd381-0ae5-4421-8a70-279ee0ec1c61_nissan-terrano-rear-view_jpg.rf.966273d2c2010f64d9fa625a5ce09869.xml,285,370,448,471
C:/Users/saira/project/images_new\a615016b-4d07-46c7-a52b-8d4319fe3a10___3e7fd381-0ae5-4421-8a70-279ee0ec1c61_nissan-terrano-rear-view_jpg.rf.f1df58b9fa0c81c1225cdc8471ea30a7.xml,302,390,437,479
C:/Users/saira/project/images_new\aa221c22-6600-4f05-9eb9-3676ef0b22e0___69590d1226627898-high-security-number-plates-india-d1-jpg_jpeg.rf.73d25f092265a21e424b5c1a00278746.xml,121,556,224,365
C:/Users/saira/project/images_new\aa221c22-6600-4f05-9eb9-3676ef0b22e0___69590d1226627898-high-security-number-plates-india-d1-jpg_jpeg.rf.a771642f9a32d0f7c7e70f703b9bc84f.xml,110,550,192,389
C:/Users/saira/project/images_new\aa221c22-6600-4f05-9eb9-3676ef0b22e0___69590d1226627898-high-security-number-plates-india-d1-jpg_jpeg.rf.b2da348d853514c542edb5ad4b0e3d1d.xml,122,550,242,345
C:/Users/saira/project/images_new\aea95aa0-a000-4103-945d-c173383bd646___3e7fd381-0ae5-4421-8a70-279ee0ec1c61_Nissan-Terrano-11_jpg.rf.9192542b375539d0f73f26894956c331.xml,115,244,188,312
C:/Users/saira/project/images_new\aea95aa0-a000-4103-945d-c173383bd646___3e7fd381-0ae5-4421-8a70-279ee0ec1c61_Nissan-Terrano-11_jpg.rf.ad3b88d35d3e79be628869bb6389319e.xml,406,541,223,329
C:/Users/saira/project/images_new\aea95aa0-a000-4103-945d-c173383bd646___3e7fd381-0ae5-4421-8a70-279ee0ec1c61_Nissan-Terrano-11_jpg.rf.e97a3a4385b13ac1a996cfb60cfe6b52.xml,401,531,199,317
C:/Users/saira/project/images_new\af270103-6ed4-4260-9d01-b8be2e2b9af1___skoda-rapid-1-5-tdi-dsg-review-jpg_jpeg.rf.180c834445f81f29db38061e4087b5f1.xml,144,311,383,453
C:/Users/saira/project/images_new\af270103-6ed4-4260-9d01-b8be2e2b9af1___skoda-rapid-1-5-tdi-dsg-review-jpg_jpeg.rf.e537b34e3f6a7a947425e29f76c0659a.xml,315,490,384,474
C:/Users/saira/project/images_new\af270103-6ed4-4260-9d01-b8be2e2b9af1___skoda-rapid-1-5-tdi-dsg-review-jpg_jpeg.rf.f148e56f6a0eacf1e2bbf6b08d42c3eb.xml,162,341,384,490
C:/Users/saira/project/images_new\af608b5e-07d6-4bcf-84d0-f0cba9e54e12___Skoda-Superb-Rear-Profile-jpg_jpeg.rf.358ac5a68ec69ab0a2d1a623b38a4f10.xml,274,385,304,342
C:/Users/saira/project/images_new\af608b5e-07d6-4bcf-84d0-f0cba9e54e12___Skoda-Superb-Rear-Profile-jpg_jpeg.rf.b2f55ed95bffc01157a35c302ed35a83.xml,258,368,306,339
C:/Users/saira/project/images_new\af608b5e-07d6-4bcf-84d0-f0cba9e54e12___Skoda-Superb-Rear-Profile-jpg_jpeg.rf.ea6c1dc7a2dc9b25caf7e7276159a3dd.xml,273,386,300,343
C:/Users/saira/project/images_new\aff1f53b-3259-44f0-9718-05fb64dc8ba1___Untitled_png.rf.05e94cf210a953bda287d67c6ad2fb8c.xml,167,325,297,338
C:/Users/saira/project/images_new\aff1f53b-3259-44f0-9718-05fb64dc8ba1___Untitled_png.rf.90f523afb6d08bdc5b8dce64e9cfca8f.xml,314,477,297,370
C:/Users/saira/project/images_new\aff1f53b-3259-44f0-9718-05fb64dc8ba1___Untitled_png.rf.b9647bfe0fc77180dddb57868e955698.xml,311,474,256,339
C:/Users/saira/project/images_new\AP10_jpg.rf.5ed17000ad958bce3fe9f029c7abae5a.xml,188,355,396,436
C:/Users/saira/project/images_new\AP10_jpg.rf.a1ef53735a5ce5d78e93d86107a18ac2.xml,280,445,407,433
C:/Users/saira/project/images_new\AP10_jpg.rf.a5088e92f7a277c77154b8123c955007.xml,188,355,396,436
C:/Users/saira/project/images_new\AP13_jpg.rf.4ac65e01d4846c01cfb5eb88955bcaae.xml,248,403,333,373
C:/Users/saira/project/images_new\AP13_jpg.rf.c2f3239122a79afc7250ee8f444d9ca7.xml,246,399,340,367
C:/Users/saira/project/images_new\AP13_jpg.rf.f8b341aabb6a3dd030e7dd70913a7882.xml,250,405,322,385
C:/Users/saira/project/images_new\AP24_jpg.rf.3d5f8543d1cfb2d5a8418cd7eb72fb18.xml,258,458,440,523
C:/Users/saira/project/images_new\AP24_jpg.rf.41079b84b3623b3347e7418b2448c39c.xml,227,429,469,501
C:/Users/saira/project/images_new\AP24_jpg.rf.c60eefb18a5e67e7c5f0cf416ca1ce58.xml,200,401,453,516
C:/Users/saira/project/images_new\AP41_jpg.rf.84040ff538f9c1ec523c9995f978c029.xml,198,438,525,566
C:/Users/saira/project/images_new\AP41_jpg.rf.9deb2440edd6672d2382910fd30c7b0c.xml,146,387,492,586
C:/Users/saira/project/images_new\AP41_jpg.rf.c980b67cdaf7702504a3b353771615eb.xml,201,440,527,564
C:/Users/saira/project/images_new\AP7_jpg.rf.34738008a3960244dc4375afaf51054d.xml,223,398,378,451
C:/Users/saira/project/images_new\AP7_jpg.rf.bd7a501763107243ac1e9c983ffbfc8e.xml,202,374,393,425
C:/Users/saira/project/images_new\AP7_jpg.rf.cb2326bd1398eb37b4f99bd29e98e8b5.xml,213,388,385,441
C:/Users/saira/project/images_new\b176b317-68a9-4c38-ac39-55e5244c9b9c___60653-jpg_jpeg.rf.2dfdc9eac3df78d42d19f3dfb416fac0.xml,354,533,259,463
C:/Users/saira/project/images_new\b176b317-68a9-4c38-ac39-55e5244c9b9c___60653-jpg_jpeg.rf.8359e250ef6cc34c0b699d47d935ce39.xml,129,291,269,506
C:/Users/saira/project/images_new\b176b317-68a9-4c38-ac39-55e5244c9b9c___60653-jpg_jpeg.rf.f393482eea6bd576e778526205a8af4a.xml,81,304,253,403
C:/Users/saira/project/images_new\b4eb91cd-3e77-40c2-bbe6-13d42f2ea4ba___INNOVA_Euro_Number_Plates-jpg_jpeg.rf.8060a64e7c55239309073b0463e92dd0.xml,214,430,306,348
C:/Users/saira/project/images_new\b4eb91cd-3e77-40c2-bbe6-13d42f2ea4ba___INNOVA_Euro_Number_Plates-jpg_jpeg.rf.bfc5f3583d18e547469f818c2cf4726c.xml,211,430,279,375
C:/Users/saira/project/images_new\b4eb91cd-3e77-40c2-bbe6-13d42f2ea4ba___INNOVA_Euro_Number_Plates-jpg_jpeg.rf.e56c6194caf0e794f93b04e2a313c70a.xml,211,431,289,364
C:/Users/saira/project/images_new\b5b41a4b-8913-4af6-9419-ac6398d266b0___161893107_2_1000x700_innava-with-fancy-number-upload-photos-jpg_jpeg.rf.38dc4ba86e37a329af7cf39cd57a5e71.xml,368,492,347,387
C:/Users/saira/project/images_new\b5b41a4b-8913-4af6-9419-ac6398d266b0___161893107_2_1000x700_innava-with-fancy-number-upload-photos-jpg_jpeg.rf.4c72290574744a97bbd23530e4a2e8a2.xml,145,272,335,383
C:/Users/saira/project/images_new\b5b41a4b-8913-4af6-9419-ac6398d266b0___161893107_2_1000x700_innava-with-fancy-number-upload-photos-jpg_jpeg.rf.f3ea24113cdebf460cabcfc7a39af2c9.xml,374,503,300,371
C:/Users/saira/project/images_new\b78259be-7ef5-4499-b9a2-2b8a37660e8b___Maruti-Suzuki-Celerio-Front-Number-Plates-Design-jpg_jpeg.rf.1100846a9aa8fa9bbe55e10ee8bf4082.xml,225,453,281,329
C:/Users/saira/project/images_new\b78259be-7ef5-4499-b9a2-2b8a37660e8b___Maruti-Suzuki-Celerio-Front-Number-Plates-Design-jpg_jpeg.rf.ef286ef614ef48339962dfb572f4bb25.xml,189,421,265,340
C:/Users/saira/project/images_new\b78259be-7ef5-4499-b9a2-2b8a37660e8b___Maruti-Suzuki-Celerio-Front-Number-Plates-Design-jpg_jpeg.rf.f580d35a763a6eb8250cecd130834eb6.xml,225,453,281,329
C:/Users/saira/project/images_new\bb767d81-73b4-4c47-b619-7efde490b199___3e7fd381-0ae5-4421-8a70-279ee0ec1c61_oem-name0_jpg.rf.657e36c35477989cb07d39e76ba31b7b.xml,370,513,357,422
C:/Users/saira/project/images_new\bb767d81-73b4-4c47-b619-7efde490b199___3e7fd381-0ae5-4421-8a70-279ee0ec1c61_oem-name0_jpg.rf.6582bb699f2d153d43e69dd69f52b41c.xml,352,491,400,433
C:/Users/saira/project/images_new\bb767d81-73b4-4c47-b619-7efde490b199___3e7fd381-0ae5-4421-8a70-279ee0ec1c61_oem-name0_jpg.rf.a8a38a41c265e848c3c6b4badb377da4.xml,366,508,370,426
C:/Users/saira/project/images_new\bbf22d00-3dd6-4338-b701-264e0c0c0aff___Maruti-Swift-DZire-Photos-1-jpg_jpeg.rf.0f586cc536be67742d02136a7b74ae59.xml,219,421,304,373
C:/Users/saira/project/images_new\bbf22d00-3dd6-4338-b701-264e0c0c0aff___Maruti-Swift-DZire-Photos-1-jpg_jpeg.rf.2cbbaf4e1a1a35bbfb58f5bfe3f20fa0.xml,226,427,306,368
C:/Users/saira/project/images_new\bbf22d00-3dd6-4338-b701-264e0c0c0aff___Maruti-Swift-DZire-Photos-1-jpg_jpeg.rf.3709326ba50c57ee7b78ddf719f1222a.xml,218,416,317,359
C:/Users/saira/project/images_new\bcdc8b42-5dd4-48e2-8104-706440524bfe___hqdefault0-jpg_jpeg.rf.9f387a62689f3d6747b868defdaf891f.xml,52,618,137,289
C:/Users/saira/project/images_new\bcdc8b42-5dd4-48e2-8104-706440524bfe___hqdefault0-jpg_jpeg.rf.d197ec3d422a94215f8c1d03762b2173.xml,37,609,97,325
C:/Users/saira/project/images_new\bcdc8b42-5dd4-48e2-8104-706440524bfe___hqdefault0-jpg_jpeg.rf.e36b00107b6520837ccb19a2a968a965.xml,28,595,126,297
C:/Users/saira/project/images_new\bff789cd-2d58-4399-a55e-33be55f313e3___IMG_0472-jpg_jpeg.rf.0198fcd59122626d510d0d8581ef8ec5.xml,257,435,412,462
C:/Users/saira/project/images_new\bff789cd-2d58-4399-a55e-33be55f313e3___IMG_0472-jpg_jpeg.rf.0e7da6d4f54e98d8139c1a26aa7cbbea.xml,214,395,408,470
C:/Users/saira/project/images_new\bff789cd-2d58-4399-a55e-33be55f313e3___IMG_0472-jpg_jpeg.rf.efa40b853cc6f3929a374190de09cdc6.xml,202,382,408,464
C:/Users/saira/project/images_new\BR10_jpg.rf.71f2e6da308eebf3308c2b08879b176f.xml,174,359,397,457
C:/Users/saira/project/images_new\BR10_jpg.rf.7e73f4da324461647812a1a94c8ebf13.xml,197,384,423,448
C:/Users/saira/project/images_new\BR10_jpg.rf.ed0f39d135635c86d0808fe139ed8e94.xml,267,454,416,452
C:/Users/saira/project/images_new\BR18_jpg.rf.13fe750a952cb357eabfe2ec143161d9.xml,209,439,438,496
C:/Users/saira/project/images_new\BR18_jpg.rf.5c01531f931287ede95559c2eff9b5a3.xml,231,464,451,477
C:/Users/saira/project/images_new\BR18_jpg.rf.d9728f76bfa12a56ae979923bf46ab63.xml,229,462,454,478
C:/Users/saira/project/images_new\c03a7106-1fb9-471f-bbb0-2e8f4a29759a___38e7b1109eb976088e1df2f14ac4c08c-jpg-Copy_jpeg.rf.2ab4c699e06b28698d594c7eb2b26500.xml,404,550,398,454
C:/Users/saira/project/images_new\c03a7106-1fb9-471f-bbb0-2e8f4a29759a___38e7b1109eb976088e1df2f14ac4c08c-jpg-Copy_jpeg.rf.687f8005459ee5197f7d6a6feb89f46b.xml,87,233,386,449
C:/Users/saira/project/images_new\c03a7106-1fb9-471f-bbb0-2e8f4a29759a___38e7b1109eb976088e1df2f14ac4c08c-jpg-Copy_jpeg.rf.cad959b6107e6a4afd29963c74d6aeef.xml,119,263,442,469
C:/Users/saira/project/images_new\c1d91c5e-128b-41d4-9f9d-ebfbef98b597___High_security_n15816-jpg_jpeg.rf.643fe95828c31a2a65b960be46d530d7.xml,72,486,226,397
C:/Users/saira/project/images_new\c1d91c5e-128b-41d4-9f9d-ebfbef98b597___High_security_n15816-jpg_jpeg.rf.87639258ef63958bafa5dce8a94bad7d.xml,83,478,255,426
C:/Users/saira/project/images_new\c1d91c5e-128b-41d4-9f9d-ebfbef98b597___High_security_n15816-jpg_jpeg.rf.8f5552896b4edfb59fd37f0224c041ae.xml,154,574,211,407
C:/Users/saira/project/images_new\c30a1535-9d8f-465e-a7f4-aa726f19f0b1___new-maruti-alto-k10-2_625x300_41414071192-jpg_jpeg.rf.0a5799d0aab41b25065c00c693b25caf.xml,193,348,478,546
C:/Users/saira/project/images_new\c30a1535-9d8f-465e-a7f4-aa726f19f0b1___new-maruti-alto-k10-2_625x300_41414071192-jpg_jpeg.rf.9869ccaf61ab23ef97399bd57d6b822e.xml,255,406,500,537
C:/Users/saira/project/images_new\c30a1535-9d8f-465e-a7f4-aa726f19f0b1___new-maruti-alto-k10-2_625x300_41414071192-jpg_jpeg.rf.b24158317202874830c12d5902f627ea.xml,187,342,475,547
C:/Users/saira/project/images_new\c41652d9-19ae-4a7d-8423-230340ac30bc___Skoda_Laura_DSG_Long_Term_Review-125-jpg_jpeg.rf.249bb6d09bcfb12d9129cbf2241ed2e6.xml,259,365,430,465
C:/Users/saira/project/images_new\c41652d9-19ae-4a7d-8423-230340ac30bc___Skoda_Laura_DSG_Long_Term_Review-125-jpg_jpeg.rf.38b7fe5c82774676a311384727d29c1a.xml,249,357,425,468
C:/Users/saira/project/images_new\c41652d9-19ae-4a7d-8423-230340ac30bc___Skoda_Laura_DSG_Long_Term_Review-125-jpg_jpeg.rf.f19efd43f3fc5b41cea6b74884c98a05.xml,277,383,429,465
C:/Users/saira/project/images_new\ca18d733-ec53-49d9-87aa-a9f6c52cc7bb___VW-Polo-GT-TSI-badge-on-the-grille-jpg_jpeg.rf.2c77a51080ccef383dbc75823e77a3fa.xml,160,499,445,555
C:/Users/saira/project/images_new\ca18d733-ec53-49d9-87aa-a9f6c52cc7bb___VW-Polo-GT-TSI-badge-on-the-grille-jpg_jpeg.rf.36bec21ed79c1eadfc344df8b6e7e2d9.xml,178,523,426,569
C:/Users/saira/project/images_new\ca18d733-ec53-49d9-87aa-a9f6c52cc7bb___VW-Polo-GT-TSI-badge-on-the-grille-jpg_jpeg.rf.f09c3aab2efa73dc7387b93d9e271c95.xml,152,487,454,546
C:/Users/saira/project/images_new\car-wbs-DL10CG4693_00000_jpeg.rf.30ba141102f7b0a9b1e89fb51029e885.xml,215,468,285,369
C:/Users/saira/project/images_new\car-wbs-DL10CG4693_00000_jpeg.rf.d0bd13c0a146fc8005859e14f3b2d857.xml,212,472,270,380
C:/Users/saira/project/images_new\car-wbs-DL10CG4693_00000_jpeg.rf.fab2a29765a3c5e1fc77828dcde19052.xml,167,433,251,394
C:/Users/saira/project/images_new\car-wbs-DL3CAY9324_00000_jpeg.rf.39bc95c16c3f70e423e641ec74f5c84a.xml,285,437,395,477
C:/Users/saira/project/images_new\car-wbs-DL3CAY9324_00000_jpeg.rf.e8719f439859683fd58529e5e277cffb.xml,238,387,412,473
C:/Users/saira/project/images_new\car-wbs-DL3CAY9324_00000_jpeg.rf.eb4e27eb98533099f2db0fb4b7b42bef.xml,255,400,421,465
C:/Users/saira/project/images_new\car-wbs-DL6CM6683_00000_jpg.rf.3c5d30b21ac15356ddf2a0bfd91b406f.xml,91,208,408,482
C:/Users/saira/project/images_new\car-wbs-DL6CM6683_00000_jpg.rf.8270093f13a92500727b5e6e8a7357ff.xml,110,228,438,496
C:/Users/saira/project/images_new\car-wbs-DL6CM6683_00000_jpg.rf.8a0d0847bbaf9b439c362cb428606253.xml,460,573,351,448
C:/Users/saira/project/images_new\car-wbs-DL7CN5617_00000_png.rf.125364ab594d57056beb741d4817965a.xml,235,398,347,406
C:/Users/saira/project/images_new\car-wbs-DL7CN5617_00000_png.rf.581ae928b3d415548179e5c2e139283c.xml,225,388,344,406
C:/Users/saira/project/images_new\car-wbs-DL7CN5617_00000_png.rf.83ff53e857244ab1ac975ae7654c656d.xml,251,410,354,399
C:/Users/saira/project/images_new\car-wbs-DL8CX4850_00000_png.rf.2f9eba0024cb42c91da7c3ca02471021.xml,230,408,432,484
C:/Users/saira/project/images_new\car-wbs-DL8CX4850_00000_png.rf.431a862ac1f9b432d1cac0d34ebba04c.xml,234,412,432,484
C:/Users/saira/project/images_new\car-wbs-DL8CX4850_00000_png.rf.a1ffa4bcd34ef75c402b6405aa644176.xml,219,400,426,490
C:/Users/saira/project/images_new\car-wbs-GJ05JH2501_00001_jpg.rf.3afa9cda1391b7d80a95d423b4097a5a.xml,222,382,270,292
C:/Users/saira/project/images_new\car-wbs-GJ05JH2501_00001_jpg.rf.40fa82b678e57d73a21f95bedef1a7bb.xml,217,379,263,304
C:/Users/saira/project/images_new\car-wbs-GJ05JH2501_00001_jpg.rf.f07d61f2d14fd1e9f337311e9b51da85.xml,223,384,267,294
C:/Users/saira/project/images_new\car-wbs-GJW115A1138_00000_jpeg.rf.04d385a7c5719503f3d7d143bafae068.xml,227,465,354,410
C:/Users/saira/project/images_new\car-wbs-GJW115A1138_00000_jpeg.rf.27a01a46713d0d791673b66c1c5c492d.xml,220,461,349,415
C:/Users/saira/project/images_new\car-wbs-GJW115A1138_00000_jpeg.rf.a78d5d06b94f391ba71d00225a8caf03.xml,227,465,354,410
C:/Users/saira/project/images_new\car-wbs-HR26CE1485_00000_png.rf.3659e3d6b15211cdf3d48dae0df5e63f.xml,277,396,429,464
C:/Users/saira/project/images_new\car-wbs-HR26CE1485_00000_png.rf.67502231cb70e1bd606c40a83ea94f0b.xml,221,344,413,470
C:/Users/saira/project/images_new\car-wbs-HR26CE1485_00000_png.rf.840482d5f849943a30b3c7aca01f2904.xml,242,365,414,478
C:/Users/saira/project/images_new\car-wbs-HR26CH3604_00000_jpeg.rf.bbceaf8583daab550e5aeb312de781ef.xml,225,366,273,321
C:/Users/saira/project/images_new\car-wbs-HR26CH3604_00000_jpeg.rf.c316310bb4990ee3464d21ff0481ddbb.xml,219,366,267,336
C:/Users/saira/project/images_new\car-wbs-HR26CH3604_00000_jpeg.rf.f0376a5063708df27b9aedfc8019b45e.xml,218,365,266,338
C:/Users/saira/project/images_new\car-wbs-HR26CT4063_00000_jpeg.rf.533f01c70d91a8bf4924e70998fb0195.xml,221,447,483,532
C:/Users/saira/project/images_new\car-wbs-HR26CT4063_00000_jpeg.rf.54f964fe8e7b3bf3a4d85021c005518b.xml,199,424,485,530
C:/Users/saira/project/images_new\car-wbs-HR26CT4063_00000_jpeg.rf.63ef0f93c47f44a4837c2911dc303d52.xml,171,400,456,554
C:/Users/saira/project/images_new\car-wbs-HR26CT6702_00001_jpeg.rf.0f2db216d0b37a494ef0f7c899ba6870.xml,153,387,422,524
C:/Users/saira/project/images_new\car-wbs-HR26CT6702_00001_jpeg.rf.965baaae08051794e6aac56c3edfcffd.xml,218,454,419,542
C:/Users/saira/project/images_new\car-wbs-HR26CT6702_00001_jpeg.rf.bdaad558e220fed252b923c4612a93d3.xml,235,461,445,512
C:/Users/saira/project/images_new\car-wbs-HR26U7501_00000_jpeg.rf.06b3667f2050558e69f38a3ce3049d87.xml,119,301,295,447
C:/Users/saira/project/images_new\car-wbs-HR26U7501_00000_jpeg.rf.5f7b7ce97c1acffaaa3d599518f26bee.xml,339,522,302,448
C:/Users/saira/project/images_new\car-wbs-HR26U7501_00000_jpeg.rf.fc18031bbb55f49e1727f535edf38f82.xml,120,301,299,447
C:/Users/saira/project/images_new\car-wbs-KA04MN3622_00000_jpg.rf.07ab9c6f592a43810ba44909afb2b061.xml,208,387,439,481
C:/Users/saira/project/images_new\car-wbs-KA04MN3622_00000_jpg.rf.939d0370b12328a21e9e0fb5f5d875ac.xml,269,450,427,487
C:/Users/saira/project/images_new\car-wbs-KA04MN3622_00000_jpg.rf.fae8b96e9bc8fa7b4b929ba72bb037fd.xml,251,429,443,479
C:/Users/saira/project/images_new\car-wbs-KA29Z999_00000_jpeg.rf.3a1dab821da5fe3f733dae5a4c50470b.xml,214,427,445,497
C:/Users/saira/project/images_new\car-wbs-KA29Z999_00000_jpeg.rf.3bb60aaf13018b9fb7e27c3c46fe1783.xml,242,461,421,516
C:/Users/saira/project/images_new\car-wbs-KA29Z999_00000_jpeg.rf.6b1f7f5facbdc82ed65c84d4deb160fa.xml,223,439,437,504
C:/Users/saira/project/images_new\car-wbs-KA51MJ8156_00000_png.rf.0d0642bf16d4bc0d0cfc2678514f1377.xml,196,389,432,477
C:/Users/saira/project/images_new\car-wbs-KA51MJ8156_00000_png.rf.268f0e06391604f92d11fc22ddeaa13c.xml,164,357,398,487
C:/Users/saira/project/images_new\car-wbs-KA51MJ8156_00000_png.rf.dbc734e53ffadd68c1453ef442f9df6b.xml,280,474,403,486
C:/Users/saira/project/images_new\car-wbs-KL01CC50_00000_png.rf.0bf87b5b63c178151b46759212d35966.xml,94,327,256,415
C:/Users/saira/project/images_new\car-wbs-KL01CC50_00000_png.rf.af62ebb7637e6809b4540e2853d1be83.xml,314,547,264,415
C:/Users/saira/project/images_new\car-wbs-KL01CC50_00000_png.rf.b97038f573556dde8d511290333da3e7.xml,312,547,279,415
C:/Users/saira/project/images_new\car-wbs-KL10AV6342_00001_jpg.rf.65de95fe834ef9831311eed41a84cb89.xml,76,515,269,368
C:/Users/saira/project/images_new\car-wbs-KL10AV6342_00001_jpg.rf.d4d95b0aab7df0f77caf8829b65ac9ed.xml,78,510,248,385
C:/Users/saira/project/images_new\car-wbs-KL10AV6342_00001_jpg.rf.ebd1fcd6b4ce713dd1a6df8adb750e55.xml,132,565,243,388
C:/Users/saira/project/images_new\car-wbs-KL10AV6633_00000_jpg.rf.4aef94eb563daa98f7e0ea4e4dfb98e3.xml,240,471,415,492
C:/Users/saira/project/images_new\car-wbs-KL10AV6633_00000_jpg.rf.b41b11e3ba1e967ed399ae5d44a6d3ed.xml,215,447,423,489
C:/Users/saira/project/images_new\car-wbs-KL10AV6633_00000_jpg.rf.fb44c102103af8bb377eeeec5d14d9a2.xml,242,473,413,494
C:/Users/saira/project/images_new\car-wbs-KL10AW2111_00000_jpeg.rf.9021d85d222c261cdb8f33f7ca9a686a.xml,270,478,327,366
C:/Users/saira/project/images_new\car-wbs-KL10AW2111_00000_jpeg.rf.a80e2fcf5cc5264184e53eb7c6fd8311.xml,166,376,323,379
C:/Users/saira/project/images_new\car-wbs-KL10AW2111_00000_jpeg.rf.d7bc12775f8491cc06fb3247572d209f.xml,273,484,286,377
C:/Users/saira/project/images_new\car-wbs-KL10AW2814_00000_jpeg.rf.0b64c30dc1de2bea49137b8acdb2d249.xml,189,419,297,402
C:/Users/saira/project/images_new\car-wbs-KL10AW2814_00000_jpeg.rf.5c559a2385569b5a356d1c3bc008a7cc.xml,201,431,314,394
C:/Users/saira/project/images_new\car-wbs-KL10AW2814_00000_jpeg.rf.ff9de45b3dbfdc09138003dc4315cccc.xml,218,443,328,377
C:/Users/saira/project/images_new\car-wbs-KL10AW2814_00001_jpeg.rf.68dbdf7abf98d097f8c9adb8edd0bc1d.xml,84,464,345,505
C:/Users/saira/project/images_new\car-wbs-KL10AW2814_00001_jpeg.rf.900a3142f35dce48f43efded4c52d1cb.xml,123,503,352,518
C:/Users/saira/project/images_new\car-wbs-KL10AW2814_00001_jpeg.rf.b2a49c0b27ecf840566e8081dd0c9945.xml,155,530,398,469
C:/Users/saira/project/images_new\car-wbs-KL12G7531_00000_jpeg.rf.61a39113535cdbeea85c9e9b92f6519e.xml,430,567,368,421
C:/Users/saira/project/images_new\car-wbs-KL12G7531_00000_jpeg.rf.f2922bb261650858a239c0bf31ff0c4c.xml,78,215,374,426
C:/Users/saira/project/images_new\car-wbs-KL12G7531_00000_jpeg.rf.f34f68e21517de1983cdb32a9797fec0.xml,437,576,337,406
C:/Users/saira/project/images_new\car-wbs-KL43B2344_00000_jpeg.rf.1da178ba49bf81cbd2d49794b540a81b.xml,223,444,198,284
C:/Users/saira/project/images_new\car-wbs-KL43B2344_00000_jpeg.rf.7cf69ddab546e7e5468a36810d092a8b.xml,229,453,189,296
C:/Users/saira/project/images_new\car-wbs-KL43B2344_00000_jpeg.rf.a3e993bc5326ae17435949e1d9bf7fdc.xml,216,431,210,270
C:/Users/saira/project/images_new\car-wbs-KL54H369_00000_jpeg.rf.6a7273a0212540ed63b3cda1e81e0bc5.xml,183,368,482,560
C:/Users/saira/project/images_new\car-wbs-KL54H369_00000_jpeg.rf.af276d55cfbc3ca33c67c712c98c590c.xml,255,440,483,567
C:/Users/saira/project/images_new\car-wbs-KL54H369_00000_jpeg.rf.b62a8ec897e46f9bf698357b685df117.xml,245,424,500,551
C:/Users/saira/project/images_new\car-wbs-KL55R2473_00000_jpeg.rf.4191549cf139e9d554b566d13c978029.xml,247,466,260,327
C:/Users/saira/project/images_new\car-wbs-KL55R2473_00000_jpeg.rf.ac3899b0f1bc4eaf44aaa188c65645b6.xml,176,392,268,324
C:/Users/saira/project/images_new\car-wbs-KL55R2473_00000_jpeg.rf.d9a0e76ba5f01628a171fde01aece1e4.xml,173,392,264,331
C:/Users/saira/project/images_new\car-wbs-KL65H4383_00000_jpg.rf.56f513a54e627e8045cdcdd1dcb9cc19.xml,192,463,332,429
C:/Users/saira/project/images_new\car-wbs-KL65H4383_00000_jpg.rf.df9187d9376fa5379fde8a6c5b29a939.xml,186,453,342,421
C:/Users/saira/project/images_new\car-wbs-KL65H4383_00000_jpg.rf.e558b4257e62305711723590c3a07365.xml,187,453,344,418
C:/Users/saira/project/images_new\car-wbs-MH01AE8017_00000_jpeg.rf.242db67d2d9b759f7dc912e565190083.xml,149,560,117,361
C:/Users/saira/project/images_new\car-wbs-MH01AE8017_00000_jpeg.rf.2b5e4884d6e349887e798a1a1d4cb8bc.xml,84,486,113,369
C:/Users/saira/project/images_new\car-wbs-MH01AE8017_00000_jpeg.rf.a48c8d11dce53cdb2b70e8bc483bd03e.xml,82,483,109,374
C:/Users/saira/project/images_new\car-wbs-MH01AV8866_00000_png.rf.9505f9a3595d823423c68febb6ad7e44.xml,245,402,407,446
C:/Users/saira/project/images_new\car-wbs-MH01AV8866_00000_png.rf.b96b664b9a624871d04351c0ba861eb1.xml,223,384,391,459
C:/Users/saira/project/images_new\car-wbs-MH01AV8866_00000_png.rf.be546261052810b64420f8cb61487ddf.xml,265,426,389,460
C:/Users/saira/project/images_new\car-wbs-MH01BU5207_00000_jpeg.rf.927ec3634263d43b43b2e767f0452622.xml,196,486,321,377
C:/Users/saira/project/images_new\car-wbs-MH01BU5207_00000_jpeg.rf.c53695bcdb21ae15983d6852401f9556.xml,150,445,298,394
C:/Users/saira/project/images_new\car-wbs-MH01BU5207_00000_jpeg.rf.fb92ba2c7492f0ae003cc6ec249224df.xml,194,486,315,386
C:/Users/saira/project/images_new\car-wbs-MH03BS7778_00000_jpeg.rf.06f35b5eec3eddd7c56e967f27dadb58.xml,117,420,217,324
C:/Users/saira/project/images_new\car-wbs-MH03BS7778_00000_jpeg.rf.4357d7e0af37b5ce2b97a5e331202fdb.xml,222,521,222,313
C:/Users/saira/project/images_new\car-wbs-MH03BS7778_00000_jpeg.rf.6bde74a00afc1c0e2a4ad437decae80e.xml,103,415,200,365
C:/Users/saira/project/images_new\car-wbs-MH04DW8351_00000_jpeg.rf.0d547c9bfe1baf0b2e793b101911cbcd.xml,235,436,296,378
C:/Users/saira/project/images_new\car-wbs-MH04DW8351_00000_jpeg.rf.33d8a28d25fff1d02e056b669f5eaaae.xml,212,409,311,367
C:/Users/saira/project/images_new\car-wbs-MH04DW8351_00000_jpeg.rf.37f7509521a093bb7a43e8249c8d04ba.xml,212,408,314,363
C:/Users/saira/project/images_new\car-wbs-MH06AW8929_00001_jpeg.rf.1a9ceb89bab4f57dcb3c147ad737bd6f.xml,217,399,369,439
C:/Users/saira/project/images_new\car-wbs-MH06AW8929_00001_jpeg.rf.6ceda45427a8a05bb72204d4ac8b8d5a.xml,226,417,356,454
C:/Users/saira/project/images_new\car-wbs-MH06AW8929_00001_jpeg.rf.7b1192f27ad5c8e624011db9aeb318a8.xml,224,413,359,451
C:/Users/saira/project/images_new\car-wbs-MH12BG7237_00000_png.rf.8964d3d2bcce6690d9a4226000391b4f.xml,137,424,392,508
C:/Users/saira/project/images_new\car-wbs-MH12BG7237_00000_png.rf.ae9d41f0affc324688d9857af5576b10.xml,219,508,389,510
C:/Users/saira/project/images_new\car-wbs-MH12BG7237_00000_png.rf.aeccc880bdc8f906c0bfaf8bb53e10ca.xml,139,428,390,511
C:/Users/saira/project/images_new\car-wbs-MH12DE1433_00000_png.rf.0750465b758d41ec8b70461c9bc780c6.xml,292,504,319,390
C:/Users/saira/project/images_new\car-wbs-MH12DE1433_00000_png.rf.26d3180f8956c224bcb3d6e91c81d3e6.xml,287,504,331,389
C:/Users/saira/project/images_new\car-wbs-MH12DE1433_00000_png.rf.e219eaf584572978a66c10aee774d15f.xml,295,506,313,393
C:/Users/saira/project/images_new\car-wbs-MH12JC2813_00000_jpeg.rf.0d9cf4c74d43341ce2f6adcf1fb8f310.xml,249,520,368,510
C:/Users/saira/project/images_new\car-wbs-MH12JC2813_00000_jpeg.rf.4327a71a0ed9a43a5daec0768f796b39.xml,149,414,402,497
C:/Users/saira/project/images_new\car-wbs-MH12JC2813_00000_jpeg.rf.db370c7f44c4f12696673f8d4a484bd1.xml,222,482,413,490
C:/Users/saira/project/images_new\car-wbs-MH14DT8831_00000_jpeg.rf.1034e5c9f5d4e7cd6c9c46364ff4392f.xml,77,587,151,460
C:/Users/saira/project/images_new\car-wbs-MH14DT8831_00000_jpeg.rf.26707d46c8460aa4e016443911f4ef4b.xml,72,553,182,426
C:/Users/saira/project/images_new\car-wbs-MH14DT8831_00000_jpeg.rf.d64d6c9c3202564cd2929ab1a8f710ca.xml,72,595,134,480
C:/Users/saira/project/images_new\car-wbs-MH14EU3498_00000_jpeg.rf.a3f979b4bc70f321fc697b6c8e16e353.xml,144,465,311,406
C:/Users/saira/project/images_new\car-wbs-MH14EU3498_00000_jpeg.rf.d120d4685c2f0db75ade2e37de70d3d4.xml,144,477,289,433
C:/Users/saira/project/images_new\car-wbs-MH14EU3498_00000_jpeg.rf.ff5679bb488e9e75a9b1fca329216a72.xml,170,499,299,422
C:/Users/saira/project/images_new\car-wbs-MH15BD8877_00000_png.rf.7d446558720f115ae1b47b408d849274.xml,279,509,482,541
C:/Users/saira/project/images_new\car-wbs-MH15BD8877_00000_png.rf.f3bf03a772d71f1742aaec0798008da7.xml,308,531,464,543
C:/Users/saira/project/images_new\car-wbs-MH15BD8877_00000_png.rf.f4afe43177f67be1d16af07b659c1c27.xml,137,367,482,544
C:/Users/saira/project/images_new\car-wbs-MH20BN3525_00000_jpeg.rf.084c56d1c001b4980f4ec0563c10b973.xml,261,543,445,518
C:/Users/saira/project/images_new\car-wbs-MH20BN3525_00000_jpeg.rf.aed71ddc08420fdde0d9ab68b2356974.xml,257,537,452,515
C:/Users/saira/project/images_new\car-wbs-MH20BN3525_00000_jpeg.rf.d3f76ca57327be0c26b41669290c826b.xml,250,532,450,523
C:/Users/saira/project/images_new\car-wbs-MH20BQ20_00000_png.rf.9a9fc4df950c3de8a270257134274527.xml,211,421,384,474
C:/Users/saira/project/images_new\car-wbs-MH20BQ20_00000_png.rf.f3fa3f0d8d2816f0498222dd1e9ab674.xml,241,454,372,479
C:/Users/saira/project/images_new\car-wbs-MH20BQ20_00000_png.rf.facbac576f8bd43eaaa2897359c00619.xml,213,417,394,463
C:/Users/saira/project/images_new\car-wbs-MH20BY3665_00000_jpeg.rf.1fc8a26ea9b68ea6c3e623ac23c5f34c.xml,246,410,254,304
C:/Users/saira/project/images_new\car-wbs-MH20BY3665_00000_jpeg.rf.d2d6440c3a2cdac91d6afdc70c5982b5.xml,253,424,238,326
C:/Users/saira/project/images_new\car-wbs-MH20BY3665_00000_jpeg.rf.e28486a82773ee0b7aa428b6086ea098.xml,238,409,235,321
C:/Users/saira/project/images_new\car-wbs-MH20CS1941_00001_jpeg.rf.0bde78c2d967f7288fd3a6138de290ee.xml,189,407,210,321
C:/Users/saira/project/images_new\car-wbs-MH20CS1941_00001_jpeg.rf.d56754ee8e09544be62a37a77ac91000.xml,212,429,207,315
C:/Users/saira/project/images_new\car-wbs-MH20CS1941_00001_jpeg.rf.f6d9405e340c8f87d88ac90b268805fc.xml,228,436,227,296
C:/Users/saira/project/images_new\car-wbs-MH20CS4946_00000_jpeg.rf.2bf89e781810164d1b07fd3a3c57efab.xml,263,430,319,384
C:/Users/saira/project/images_new\car-wbs-MH20CS4946_00000_jpeg.rf.b2e60cf5c74d1e0034aec840ab5fe78c.xml,271,436,323,366
C:/Users/saira/project/images_new\car-wbs-MH20CS4946_00000_jpeg.rf.f0be266955a8de57725344bad0980f73.xml,270,433,329,363
C:/Users/saira/project/images_new\car-wbs-MH20CS9817_00000_jpeg.rf.110c8191236bee1dc4d22daecce554f3.xml,116,394,270,393
C:/Users/saira/project/images_new\car-wbs-MH20CS9817_00000_jpeg.rf.44228302a171ef7a8f1153b4a09b1060.xml,119,389,276,376
C:/Users/saira/project/images_new\car-wbs-MH20CS9817_00000_jpeg.rf.c4b2740dc55dd66e3c1027741339d993.xml,241,528,259,426
C:/Users/saira/project/images_new\car-wbs-MH20DV2362_00000_jpeg.rf.2401220913e2d70261caa00175ca9e23.xml,55,391,524,615
C:/Users/saira/project/images_new\car-wbs-MH20DV2362_00000_jpeg.rf.4800a62ee644c79f1f453b771eb25289.xml,50,387,520,617
C:/Users/saira/project/images_new\car-wbs-MH20DV2362_00000_jpeg.rf.5f3b23267a75a332fa471590b50f002f.xml,94,441,508,641
C:/Users/saira/project/images_new\car-wbs-MH20EE7598_00000_png.rf.07c2adf3304655ca83e053ed3a9ebc0b.xml,70,383,352,457
C:/Users/saira/project/images_new\car-wbs-MH20EE7598_00000_png.rf.998a52dbcf594ce8e01eda81ac886649.xml,283,587,327,422
C:/Users/saira/project/images_new\car-wbs-MH20EE7598_00000_png.rf.de220345f62821d7bc4bb528ed62bf00.xml,275,582,350,419
C:/Users/saira/project/images_new\car-wbs-MH20EJ0364_00000_png.rf.4ca2f0f403fd828539a8bfe399bb34fb.xml,140,500,426,494
C:/Users/saira/project/images_new\car-wbs-MH20EJ0364_00000_png.rf.69903b0cc31804865731c5def2655d51.xml,102,467,376,535
C:/Users/saira/project/images_new\car-wbs-MH20EJ0364_00000_png.rf.c5452c853cb2b9144862d500173db193.xml,146,509,417,504
C:/Users/saira/project/images_new\car-wbs-MH46X9996_00000_jpg.rf.0c2f66bef4bd32317e9e52874842692e.xml,201,409,522,587
C:/Users/saira/project/images_new\car-wbs-MH46X9996_00000_jpg.rf.8cc919d149f3ab98ec3a383eb72ef3dc.xml,227,432,533,577
C:/Users/saira/project/images_new\car-wbs-MH46X9996_00000_jpg.rf.ecacb86dd2927bfc108bc1e87763d2f1.xml,249,458,514,593
C:/Users/saira/project/images_new\car-wbs-PB08CX2959_00000_jpeg.rf.a6e2964f9ad0be755b03a978488cbfb1.xml,163,410,495,597
C:/Users/saira/project/images_new\car-wbs-PB08CX2959_00000_jpeg.rf.a9dbd18d7ef6b924d58b98d0394c93fa.xml,174,419,527,567
C:/Users/saira/project/images_new\car-wbs-PB08CX2959_00000_jpeg.rf.c9b94aa61345f8ef57805a1a2d5b54d9.xml,190,438,511,585
C:/Users/saira/project/images_new\car-wbs-TN07BU5427_00000_jpeg.rf.06e8453272ee1b9c6d9425b00808ddc8.xml,93,502,397,530
C:/Users/saira/project/images_new\car-wbs-TN07BU5427_00000_jpeg.rf.8d733f8855fe3ec2f77ca4821ad72288.xml,71,476,425,489
C:/Users/saira/project/images_new\car-wbs-TN07BU5427_00000_jpeg.rf.a52dc133a7573f32eefe1bd66f6f2ffe.xml,190,599,376,516
C:/Users/saira/project/images_new\car-wbs-TN07BV5200_00000_jpeg.rf.7f62acf75b7f12b35830cfd2a554d022.xml,115,319,508,553
C:/Users/saira/project/images_new\car-wbs-TN07BV5200_00000_jpeg.rf.8c3cea38ed311462ebad2f8094006edc.xml,340,547,489,552
C:/Users/saira/project/images_new\car-wbs-TN07BV5200_00000_jpeg.rf.deb513b07679b7bfee00e6b969afa6c0.xml,303,510,508,571
C:/Users/saira/project/images_new\car-wbs-TN21AT0480_00000_jpg.rf.0e6d9ec6c36ee76c157b88cec2a9d7e7.xml,230,447,359,428
C:/Users/saira/project/images_new\car-wbs-TN21AT0480_00000_jpg.rf.4c665a96568cff46f0ff4f567ce00a80.xml,207,425,378,413
C:/Users/saira/project/images_new\car-wbs-TN21AT0480_00000_jpg.rf.bc8391470df8140807f3f84cf45bb7cb.xml,214,431,383,407
C:/Users/saira/project/images_new\car-wbs-TN21BZ0768_00000_png.rf.7a5e2717c4b406545550115f2fb0fcaa.xml,310,487,439,473
C:/Users/saira/project/images_new\car-wbs-TN21BZ0768_00000_png.rf.bab31429deedfb367eb1970028ecb639.xml,322,498,434,469
C:/Users/saira/project/images_new\car-wbs-TN21BZ0768_00000_png.rf.ca162fad81aec0e39fc2083f65ab04ca.xml,178,355,437,496
C:/Users/saira/project/images_new\car-wbs-TN37CR4019_00000_jpeg.rf.15c513410a01b74b4e060e8bd18955cc.xml,213,470,307,435
C:/Users/saira/project/images_new\car-wbs-TN37CR4019_00000_jpeg.rf.21ef6bbb3b575126246ddfdc144c66e6.xml,184,447,342,410
C:/Users/saira/project/images_new\car-wbs-TN37CR4019_00000_jpeg.rf.cbf8f880c804ab7686df9630bec69b5d.xml,208,468,316,429
C:/Users/saira/project/images_new\car-wbs-TN38BW1139_00000_jpeg.rf.109e8468fbca965c063d85b0e58e0eea.xml,148,513,323,431
C:/Users/saira/project/images_new\car-wbs-TN38BW1139_00000_jpeg.rf.248e0f0c6858a50be46fe03b6c91efa6.xml,137,497,339,416
C:/Users/saira/project/images_new\car-wbs-TN38BW1139_00000_jpeg.rf.26c0e88e8c396966f23b128c93959767.xml,133,501,312,444
C:/Users/saira/project/images_new\car-wbs-TN42R2697_00000_jpg.rf.59e8532e8dcfe2a9716fbb667a287a19.xml,28,621,135,381
C:/Users/saira/project/images_new\car-wbs-TN42R2697_00000_jpg.rf.9e58386983ee48a41988527e5084820b.xml,4,597,139,385
C:/Users/saira/project/images_new\car-wbs-TN42R2697_00000_jpg.rf.ee362ad0fc524ffee736d713603e938c.xml,41,618,189,328
C:/Users/saira/project/images_new\car-wbs-TN52U1580_00000_jpeg.rf.3b5fd8885d6e5de4fe31fd71c42f4c30.xml,190,525,334,445
C:/Users/saira/project/images_new\car-wbs-TN52U1580_00000_jpeg.rf.94be50027e5263f7d97a9e3af6018c48.xml,99,434,329,423
C:/Users/saira/project/images_new\car-wbs-TN52U1580_00000_jpeg.rf.d9826c8331b9abf03e5c7ffac4e72363.xml,108,439,355,409
C:/Users/saira/project/images_new\car-wbs-TN66U8215_00000_jpeg.rf.6ec6096249ce1d70fb409ea7ab32c069.xml,139,554,265,443
C:/Users/saira/project/images_new\car-wbs-TN66U8215_00000_jpeg.rf.98f0e894096f1374c00ad06f70035042.xml,91,498,274,431
C:/Users/saira/project/images_new\car-wbs-TN66U8215_00000_jpeg.rf.e26d5c643f4a8856f19da1336cfc6e87.xml,90,502,268,439
C:/Users/saira/project/images_new\car-wbs-TN74AL5074_00000_jpeg.rf.174ba95600530800dcc91e7701a18a47.xml,242,484,285,432
C:/Users/saira/project/images_new\car-wbs-TN74AL5074_00000_jpeg.rf.7c69ed79e83e9c4d0ca708d162c7c2a7.xml,241,478,304,424
C:/Users/saira/project/images_new\car-wbs-TN74AL5074_00000_jpeg.rf.ab2ecc44e09eb8f3a3a4260b22af05da.xml,164,401,304,423
C:/Users/saira/project/images_new\car-wbs-UP32FH2653_00000_jpg.rf.2f56eae1e0bbbf606cb602bc8861202e.xml,385,532,450,522
C:/Users/saira/project/images_new\car-wbs-UP32FH2653_00000_jpg.rf.53a3992ba0c1c43b22e811b32eb29a62.xml,152,306,500,533
C:/Users/saira/project/images_new\car-wbs-UP32FH2653_00000_jpg.rf.7206992d84d9c61018d61cbcae58010e.xml,374,522,464,527
C:/Users/saira/project/images_new\cbd81ff4-fc2a-4cd5-bed6-0fef4c456caa___226616d1495986750-zoomcar-review-mahindra-scorpio-s4-09-pamban-jpg_jpeg.rf.59f2556e414d6e7db2663db74ceef925.xml,368,429,346,375
C:/Users/saira/project/images_new\cbd81ff4-fc2a-4cd5-bed6-0fef4c456caa___226616d1495986750-zoomcar-review-mahindra-scorpio-s4-09-pamban-jpg_jpeg.rf.75d2d62f42706ce1f7476959564506b1.xml,356,414,365,397
C:/Users/saira/project/images_new\cbd81ff4-fc2a-4cd5-bed6-0fef4c456caa___226616d1495986750-zoomcar-review-mahindra-scorpio-s4-09-pamban-jpg_jpeg.rf.fbd0ce23767f274b981d27f75f46fc7c.xml,222,280,361,387
C:/Users/saira/project/images_new\cf011553-f802-4b11-99ec-6e03d731b646___new_2014-VW-Polo-facelift-spied-India-rear-jpg_jpeg.rf.081a5f70578c45cf560821fb9a31ee32.xml,269,494,445,511
C:/Users/saira/project/images_new\cf011553-f802-4b11-99ec-6e03d731b646___new_2014-VW-Polo-facelift-spied-India-rear-jpg_jpeg.rf.0b1d7516cdfdcea055e82ca1449dadd0.xml,253,477,462,507
C:/Users/saira/project/images_new\cf011553-f802-4b11-99ec-6e03d731b646___new_2014-VW-Polo-facelift-spied-India-rear-jpg_jpeg.rf.10df5f4984a9a4a87d614eb9f8520daf.xml,188,411,464,515
C:/Users/saira/project/images_new\CG12_jpg.rf.1df74615861dfbddabed4e91e7734d05.xml,224,424,464,493
C:/Users/saira/project/images_new\CG12_jpg.rf.56a46fb66de84b624144f51669c91b59.xml,259,460,434,514
C:/Users/saira/project/images_new\CG12_jpg.rf.a2759f4f480f8c7f0c916f276d6f6772.xml,196,398,445,508
C:/Users/saira/project/images_new\CH3_jpg.rf.2f539f28644d3142694147f713ac2907.xml,158,334,483,509
C:/Users/saira/project/images_new\CH3_jpg.rf.a723a20ca419e30850745ffbab17376f.xml,152,329,478,510
C:/Users/saira/project/images_new\CH3_jpg.rf.d295f48446d7c075acd40ecc83f12f23.xml,209,385,474,547
C:/Users/saira/project/images_new\db4f467d-2d9e-4567-ab68-fce4a8689562___maxresdefault7-jpg_jpeg.rf.316a30480b55442dd74a8221cd07aff5.xml,234,314,379,410
C:/Users/saira/project/images_new\db4f467d-2d9e-4567-ab68-fce4a8689562___maxresdefault7-jpg_jpeg.rf.5afa773ff0d2b1f95e2830973402f20d.xml,233,313,379,409
C:/Users/saira/project/images_new\db4f467d-2d9e-4567-ab68-fce4a8689562___maxresdefault7-jpg_jpeg.rf.7ce6d989685e3da3334500cf2b21c772.xml,344,422,369,403
C:/Users/saira/project/images_new\dfebb432-82cd-4154-b919-0d8be2c0d85a___5e4697c6f639f3f341b2feb170d72795af3fc998-jpg_jpeg.rf.2ca42ff99cb32126277058fb99dc2104.xml,205,409,354,408
C:/Users/saira/project/images_new\dfebb432-82cd-4154-b919-0d8be2c0d85a___5e4697c6f639f3f341b2feb170d72795af3fc998-jpg_jpeg.rf.ab0002f3e37a0f709ce037f08c7092e9.xml,240,448,336,420
C:/Users/saira/project/images_new\dfebb432-82cd-4154-b919-0d8be2c0d85a___5e4697c6f639f3f341b2feb170d72795af3fc998-jpg_jpeg.rf.ba9269dd73c146d6602d784d72287f8c.xml,201,407,348,412
C:/Users/saira/project/images_new\DL12_jpg.rf.7151ca522df0b65bd7e3c395b0f43125.xml,227,410,395,464
C:/Users/saira/project/images_new\DL12_jpg.rf.a35433353a837ec6111993a811a66101.xml,249,434,410,444
C:/Users/saira/project/images_new\DL12_jpg.rf.d5ff4572458a06a79a568dcc54555e75.xml,184,367,391,449
C:/Users/saira/project/images_new\DL21_jpg.rf.141d60c7b32be682e43372fe88d49e3d.xml,213,411,411,482
C:/Users/saira/project/images_new\DL21_jpg.rf.db12f9a7f43ca1d6723e03556b82286a.xml,219,418,416,477
C:/Users/saira/project/images_new\DL21_jpg.rf.fa7618b143b6ea176bf1faa38971cdfc.xml,240,436,430,461
C:/Users/saira/project/images_new\DL26_jpg.rf.80f7c887c27d888bf056a31eb048d98f.xml,233,455,511,546
C:/Users/saira/project/images_new\DL26_jpg.rf.d0505b334c9e629b52d76a4c9f3fd5f2.xml,187,409,511,546
C:/Users/saira/project/images_new\DL26_jpg.rf.d7c201bb64d0d097ce3807adca240c10.xml,257,482,493,555
C:/Users/saira/project/images_new\DL5_jpg.rf.0b389490ba66003b2edecc05204583b4.xml,259,470,467,548
C:/Users/saira/project/images_new\DL5_jpg.rf.301ad65236b8a37288fde7e70ceeec16.xml,216,427,495,530
C:/Users/saira/project/images_new\DL5_jpg.rf.ff2d059da9d8eeac95ff117e9ac30dd5.xml,213,424,497,528
C:/Users/saira/project/images_new\DN4_jpg.rf.232fe84e4378a123fb4a92ec35fc836d.xml,202,399,258,302
C:/Users/saira/project/images_new\DN4_jpg.rf.6e096788430d51a337749237324bfb67.xml,239,435,266,290
C:/Users/saira/project/images_new\DN4_jpg.rf.db34506887556cf4a4e0e537c0f39a0a.xml,232,429,249,303
C:/Users/saira/project/images_new\DN8_jpg.rf.3993669ce6d7725279b41d33adb18930.xml,323,489,369,401
C:/Users/saira/project/images_new\DN8_jpg.rf.3acf9717327b96d657377920584f842f.xml,146,311,363,385
C:/Users/saira/project/images_new\DN8_jpg.rf.7f7f5e0a4e722dc1ee95d0330ccbf021.xml,146,312,360,386
C:/Users/saira/project/images_new\e354039f-d73c-4f12-9df5-f0129345fa79___scorpio-JPG_jpeg.rf.a20fd1cb6ffc5eaf5faa3f6f54a294e0.xml,257,412,415,473
C:/Users/saira/project/images_new\e354039f-d73c-4f12-9df5-f0129345fa79___scorpio-JPG_jpeg.rf.c865d960bf8b03c26d8378613db25408.xml,217,373,405,478
C:/Users/saira/project/images_new\e354039f-d73c-4f12-9df5-f0129345fa79___scorpio-JPG_jpeg.rf.f5df6598d5d9c992bc00fd34be26190a.xml,247,398,424,464
C:/Users/saira/project/images_new\e53076d3-c3b7-47b8-8c63-30a08b8ad983___40213__Maruti_Suzuki_Swift-016-JPG_jpeg.rf.0177c77c7b2d4ad3d033172085f196e7.xml,174,375,465,559
C:/Users/saira/project/images_new\e53076d3-c3b7-47b8-8c63-30a08b8ad983___40213__Maruti_Suzuki_Swift-016-JPG_jpeg.rf.3207a7cc0c56e65f4050f769728724fc.xml,233,430,485,550
C:/Users/saira/project/images_new\e53076d3-c3b7-47b8-8c63-30a08b8ad983___40213__Maruti_Suzuki_Swift-016-JPG_jpeg.rf.354834070207379a79d5a972a22f8ef4.xml,227,421,492,544
C:/Users/saira/project/images_new\e77e5db3-2bc6-4223-a258-2334256be65e___new_205356-maruti-swift-torque-blue-vdi-ddis-glistening-rockstar-enters-home-img_7531-jpg_jpeg.rf.20f0c6ac823fc255aa786b8a4d294d4a.xml,151,432,339,408
C:/Users/saira/project/images_new\e77e5db3-2bc6-4223-a258-2334256be65e___new_205356-maruti-swift-torque-blue-vdi-ddis-glistening-rockstar-enters-home-img_7531-jpg_jpeg.rf.8d24a9149d97de41d6d2d51fd282ee74.xml,205,490,331,420
C:/Users/saira/project/images_new\e77e5db3-2bc6-4223-a258-2334256be65e___new_205356-maruti-swift-torque-blue-vdi-ddis-glistening-rockstar-enters-home-img_7531-jpg_jpeg.rf.b59e1ef1f9f7534e166213a2a83f195d.xml,210,491,339,408
C:/Users/saira/project/images_new\ed9cd3b2-76a2-4cc8-9e4e-76d50ad1ff68___maruti-suzuki-wagon-r-hood-open-view-jpg_jpeg.rf.613042a49c787da913eae816230a4e61.xml,240,411,373,396
C:/Users/saira/project/images_new\ed9cd3b2-76a2-4cc8-9e4e-76d50ad1ff68___maruti-suzuki-wagon-r-hood-open-view-jpg_jpeg.rf.b5e2822b8d6ac40109456b2b01a21b57.xml,238,409,373,396
C:/Users/saira/project/images_new\ed9cd3b2-76a2-4cc8-9e4e-76d50ad1ff68___maruti-suzuki-wagon-r-hood-open-view-jpg_jpeg.rf.e51173419b47c5c1115e51ea2b389417.xml,233,404,375,395
C:/Users/saira/project/images_new\GJ2_jpg.rf.08061ab0f4db31e97e8e24a70e808fb5.xml,227,414,248,277
C:/Users/saira/project/images_new\GJ2_jpg.rf.280e64e0ca7ddd0b360785df3a97a198.xml,230,416,249,277
C:/Users/saira/project/images_new\GJ2_jpg.rf.619e7e0b22e409df3baa681ded298f92.xml,228,413,247,279
C:/Users/saira/project/images_new\HP13_jpg.rf.1a7c2cec0d542bc5967a136f581c18a2.xml,196,473,362,451
C:/Users/saira/project/images_new\HP13_jpg.rf.70c79b51f489b88496b9a7d0d95772d6.xml,152,428,386,418
C:/Users/saira/project/images_new\HP13_jpg.rf.be658c4cd0399998b418d3167d456a94.xml,202,480,371,441
C:/Users/saira/project/images_new\HP7_jpg.rf.1d44c9b2858e12e9af049d52d4a32179.xml,184,369,508,545
C:/Users/saira/project/images_new\HP7_jpg.rf.7ebff0a72d59447c16ad0bc1fa684706.xml,226,413,505,556
C:/Users/saira/project/images_new\HP7_jpg.rf.d1ffcaf2b0f7f9c5f7716bfc1fae5353.xml,222,409,502,559
C:/Users/saira/project/images_new\HR20_jpg.rf.03630c29eae8fb94ab9c7d4b159157d0.xml,250,436,423,449
C:/Users/saira/project/images_new\HR20_jpg.rf.4380a89a504b501044b677cbfdf4038d.xml,280,466,387,463
C:/Users/saira/project/images_new\HR20_jpg.rf.a2b27ee65a296596a47d3bcd003a9fe4.xml,233,420,404,471
C:/Users/saira/project/images_new\JK16_jpg.rf.0981ff57f4372959ee5f0e644cac4e9b.xml,213,458,426,457
C:/Users/saira/project/images_new\JK16_jpg.rf.45a9ef79ec7c44dc2edd10c5da1fcde0.xml,213,458,426,457
C:/Users/saira/project/images_new\JK16_jpg.rf.a85f303481dc6848bbed51c4f7ea96f4.xml,188,434,422,462
C:/Users/saira/project/images_new\JK24_jpg.rf.93e3f4831d0573e6e489f597a1b2649f.xml,280,438,413,461
C:/Users/saira/project/images_new\JK24_jpg.rf.be0bd858e1aedc716d583c14ee73a8d5.xml,265,421,427,454
C:/Users/saira/project/images_new\JK24_jpg.rf.ef377e9b61bc927e76072a0629a16bd4.xml,235,393,419,465
C:/Users/saira/project/images_new\JK29_jpg.rf.507f222d796b20a7c8c9474585219a65.xml,192,403,356,378
C:/Users/saira/project/images_new\JK29_jpg.rf.cb1f25cbb96f881aaf7d935bdaf15173.xml,243,456,344,384
C:/Users/saira/project/images_new\JK29_jpg.rf.d30cbe50a4d9dc45b2c71b1761604aa6.xml,229,441,338,404
C:/Users/saira/project/images_new\JK35_jpg.rf.037861764c3adbf92a1281862ccd69c3.xml,248,409,373,395
C:/Users/saira/project/images_new\JK35_jpg.rf.866ab6606b1d4723d0d79914a11bd0ec.xml,240,402,364,405
C:/Users/saira/project/images_new\JK35_jpg.rf.c3f760b9fe9f83a9f6dddff0622b8678.xml,248,410,354,414
C:/Users/saira/project/images_new\JK9_jpg.rf.7e3985ccc069c90c49036c64bc9cb9d6.xml,279,445,417,470
C:/Users/saira/project/images_new\JK9_jpg.rf.dec53d97fae9a9c17017c4a0879df7ae.xml,234,404,424,472
C:/Users/saira/project/images_new\JK9_jpg.rf.e701b77f49dc240d24be62ad12b3f1ae.xml,212,380,432,465
C:/Users/saira/project/images_new\KA25_jpg.rf.5319ee50ace6121a66186a8b6e6c9d73.xml,173,416,407,433
C:/Users/saira/project/images_new\KA25_jpg.rf.80d0e48667ab3be5d60d7159f777c0b8.xml,245,488,377,449
C:/Users/saira/project/images_new\KA25_jpg.rf.f87f2d59d1bb2c4b44d465c4c54caf3f.xml,238,482,389,444
C:/Users/saira/project/images_new\KA4_jpg.rf.20ba7a41a93a5a188c98a36517b78420.xml,174,416,399,424
C:/Users/saira/project/images_new\KA4_jpg.rf.27ae447336bd12a40c06d58b29c64eef.xml,226,468,399,424
C:/Users/saira/project/images_new\KA4_jpg.rf.4253bce706cdb9d9d3a00f58c96aa737.xml,250,490,358,445
C:/Users/saira/project/images_new\KL16_jpg.rf.4a69675a861a6401f3e9b6e0020dae4c.xml,238,417,382,441
C:/Users/saira/project/images_new\KL16_jpg.rf.af30dc08eca6babbe5efae7c65313fd0.xml,238,417,382,441
C:/Users/saira/project/images_new\KL16_jpg.rf.dcfd44f634c2dbbc26aad0a82d6acf8b.xml,244,421,398,424
C:/Users/saira/project/images_new\KL8_jpg.rf.2cc2f53173b403355813f90df5c3e367.xml,157,323,337,395
C:/Users/saira/project/images_new\KL8_jpg.rf.56b067d35946e5fcaf2af306fba7c4dc.xml,309,474,370,394
C:/Users/saira/project/images_new\KL8_jpg.rf.a5aeed04cd54da52b7311d397b719db4.xml,318,485,340,395
C:/Users/saira/project/images_new\MH12_jpg.rf.0c9aa57abbf51dbe52065d0893d2a120.xml,214,445,548,576
C:/Users/saira/project/images_new\MH12_jpg.rf.9a9c3d33c72b1529dac740a961bd45e6.xml,264,496,517,593
C:/Users/saira/project/images_new\MH12_jpg.rf.d2b50c49ca95fb2a397a0f3938cdb144.xml,247,480,529,589
C:/Users/saira/project/images_new\MH13_jpg.rf.13d6bb8123bff6bd439e4d68055bc72e.xml,216,383,342,398
C:/Users/saira/project/images_new\MH13_jpg.rf.5d5176890d6d9b392b36a290e1f08364.xml,254,423,350,392
C:/Users/saira/project/images_new\MH13_jpg.rf.688128eabe883d8d6324d6ae67049669.xml,245,414,367,380
C:/Users/saira/project/images_new\MH15_jpg.rf.258815e0fb5c69de229f9b650e22b298.xml,159,370,378,460
C:/Users/saira/project/images_new\MH15_jpg.rf.c21d0450f46aa0619153d283a50f7bfe.xml,186,402,416,448
C:/Users/saira/project/images_new\MH15_jpg.rf.f612f08bb09fa6afc2b9804b351fe416.xml,186,402,417,450
C:/Users/saira/project/images_new\MH21_jpg.rf.1a104f26e81f65c49c28cb466307b4f9.xml,227,423,394,440
C:/Users/saira/project/images_new\MH21_jpg.rf.cec34680ae5a5e9863d6a37abff25b9e.xml,233,430,400,433
C:/Users/saira/project/images_new\MH21_jpg.rf.f3c5716e3f8bb7ca310650a43d392b47.xml,242,438,407,423
C:/Users/saira/project/images_new\MH25_jpg.rf.35664c6f93383a6ea39431924249666d.xml,240,441,467,505
C:/Users/saira/project/images_new\MH25_jpg.rf.af681d02fbe9b16ce86a0df7985c0770.xml,219,419,478,495
C:/Users/saira/project/images_new\MH25_jpg.rf.f7dc618f2c9c41da51731644a39e01eb.xml,181,379,448,516
C:/Users/saira/project/images_new\ML19_jpg.rf.39e3e119886f39da88e91b8b092fe9f3.xml,205,380,397,432
C:/Users/saira/project/images_new\ML19_jpg.rf.7a91bcb17f58b10c813fb3e62ea6000a.xml,272,445,401,422
C:/Users/saira/project/images_new\ML19_jpg.rf.bcf83736427c457f13a2f3ef2a740746.xml,179,353,374,430
C:/Users/saira/project/images_new\ML23_jpg.rf.4cea1b18e453d769525b03e0f857f397.xml,230,432,393,446
C:/Users/saira/project/images_new\ML23_jpg.rf.75dc226b83ba7d58454c247494aa943e.xml,236,439,384,454
C:/Users/saira/project/images_new\ML23_jpg.rf.fc55b66ed934c3f5997db79c83526b42.xml,222,422,402,438
C:/Users/saira/project/images_new\ML25_jpg.rf.17b7ffdc9547b8b234eff368d20118c6.xml,268,415,289,347
C:/Users/saira/project/images_new\ML25_jpg.rf.ea9486500f536c97f51982c00c155b6b.xml,268,415,313,334
C:/Users/saira/project/images_new\ML25_jpg.rf.f290dba58885399a398baf5480beceb1.xml,268,416,304,340
C:/Users/saira/project/images_new\ML38_jpg.rf.73eb44b8bb22f81584752762934099fd.xml,261,462,366,392
C:/Users/saira/project/images_new\ML38_jpg.rf.a75bc0f301d9b6c0de6ef524bdc51a15.xml,170,373,340,401
C:/Users/saira/project/images_new\ML38_jpg.rf.e122c0a875d69bd0f6e49ab04ba85e8f.xml,254,457,359,406
C:/Users/saira/project/images_new\ML7_jpg.rf.60c98b60e97a8d74ed6a32070c025a4c.xml,211,389,417,449
C:/Users/saira/project/images_new\ML7_jpg.rf.9818349614d82beb63d67cae11a7a885.xml,211,389,417,449
C:/Users/saira/project/images_new\ML7_jpg.rf.f904ba1186df9035f4c8832c8bd2a40a.xml,213,391,419,448
C:/Users/saira/project/images_new\MP10_jpg.rf.2aa76bac5da56232df01a588cc28c962.xml,178,372,453,514
C:/Users/saira/project/images_new\MP10_jpg.rf.4fa63fe3045227c50fd83e5317d4f0a6.xml,236,430,479,500
C:/Users/saira/project/images_new\MP10_jpg.rf.972c92546e3d995f62bff3ec48f862ce.xml,253,448,467,508
C:/Users/saira/project/images_new\MP5_jpg.rf.137b6572fe6cef1e0de280ca997d2f7a.xml,239,399,407,434
C:/Users/saira/project/images_new\MP5_jpg.rf.2d0fb2f4b74117da0bd5c41d7c10dc40.xml,235,395,406,435
C:/Users/saira/project/images_new\MP5_jpg.rf.66d0b6e477209f50b66643780421d943.xml,243,402,410,431
C:/Users/saira/project/images_new\MP8_jpg.rf.9f187ea65ce08245de4f4e4fcf2c5c7c.xml,243,422,310,376
C:/Users/saira/project/images_new\MP8_jpg.rf.b5a61ebd3bd4c7619e539fdebc361304.xml,226,404,333,357
C:/Users/saira/project/images_new\MP8_jpg.rf.de7cad2734aca1b6625f570898b0cbbd.xml,232,410,309,381
C:/Users/saira/project/images_new\NL9_jpg.rf.46444679cf651d6570b270610a75c126.xml,184,388,473,499
C:/Users/saira/project/images_new\NL9_jpg.rf.6dbf9ba0e3ef893f77b23bc291d2df82.xml,290,491,441,507
C:/Users/saira/project/images_new\NL9_jpg.rf.6eef4a80cb99cc89907e547bb05c08a7.xml,189,393,477,496
C:/Users/saira/project/images_new\OD10_jpg.rf.4ca5f83b96ffc9da4eef0e16744c8471.xml,236,423,438,462
C:/Users/saira/project/images_new\OD10_jpg.rf.7f156167e2406668151e050d09a18519.xml,213,401,422,478
C:/Users/saira/project/images_new\OD10_jpg.rf.96f44010a11db3a40d20d3e591053487.xml,256,444,421,474
C:/Users/saira/project/images_new\OD14_jpg.rf.439d2667f604f5b5d97fb573760f1d50.xml,246,411,257,297
C:/Users/saira/project/images_new\OD14_jpg.rf.96ded741c6e0c7f3473581506ab462ad.xml,260,425,254,308
C:/Users/saira/project/images_new\OD14_jpg.rf.fea1dc193e9d08e1e403571edc27671f.xml,227,391,268,288
C:/Users/saira/project/images_new\OD16_jpg.rf.6fcd010a0b531856b17fa9afe2fbfde5.xml,220,405,353,372
C:/Users/saira/project/images_new\OD16_jpg.rf.c6957ca3bb7b47083f05a46112cb5dcf.xml,232,418,344,382
C:/Users/saira/project/images_new\OD16_jpg.rf.cd4031e6bef65036fa0becd3f6621487.xml,229,414,335,391
C:/Users/saira/project/images_new\OD26_jpg.rf.018470a63f07112ac92763c94a0223a3.xml,263,463,339,377
C:/Users/saira/project/images_new\OD26_jpg.rf.4da69450f67b3a442570a2a52e50acba.xml,254,449,325,406
C:/Users/saira/project/images_new\OD26_jpg.rf.83aac422336eb8e83c84b87e54e4fbbf.xml,268,464,334,370
C:/Users/saira/project/images_new\OD9_jpg.rf.0f67530a0445f94977618d5a9e20fb8d.xml,210,397,396,459
C:/Users/saira/project/images_new\OD9_jpg.rf.73f9aece54849a57569b97c5e3c77e0d.xml,164,350,372,444
C:/Users/saira/project/images_new\OD9_jpg.rf.8bd2d4ff8d35e59d3db3f17e9a0ed669.xml,268,454,409,434
C:/Users/saira/project/images_new\PB14_jpg.rf.3cc864192a0448df55cafe72c7ea51c2.xml,167,357,459,493
C:/Users/saira/project/images_new\PB14_jpg.rf.6e2ebfc906031ae64e8558ab3836321f.xml,278,467,467,491
C:/Users/saira/project/images_new\PB14_jpg.rf.b7b0349041bc9813e8fc11d51f96c73b.xml,158,349,451,495
C:/Users/saira/project/images_new\PB1_jpg.rf.1a57bbc026d045425f0f61d2a01ea603.xml,209,406,243,289
C:/Users/saira/project/images_new\PB1_jpg.rf.3f7b3d36d088a39b60e361be9e5f798d.xml,244,439,257,279
C:/Users/saira/project/images_new\PB1_jpg.rf.c8d778dcd636c6ff269b19c02b2f4871.xml,201,397,254,283
C:/Users/saira/project/images_new\PB24_jpg.rf.03101315fb91824a9f3b4f26458d5158.xml,215,397,463,495
C:/Users/saira/project/images_new\PB24_jpg.rf.8cb9539a3c433c8c8b107994a00e46e4.xml,190,372,444,502
C:/Users/saira/project/images_new\PB24_jpg.rf.da5007aea1a218b70c8f2a3742822467.xml,220,401,463,493
C:/Users/saira/project/images_new\PB27_jpg.rf.29a59b9e11dec115b8edf674de1c2ae6.xml,231,414,420,448
C:/Users/saira/project/images_new\PB27_jpg.rf.73ff3766c084cf609994ba3d1540637b.xml,218,402,412,456
C:/Users/saira/project/images_new\PB27_jpg.rf.83cdb021a4da714d424e855d3ae9fb82.xml,201,385,395,466
C:/Users/saira/project/images_new\PB29_jpg.rf.ea69d85f6b5d0d28b2c55b353068dce2.xml,261,424,335,361
C:/Users/saira/project/images_new\PB29_jpg.rf.fa5572b01f6773c8e58299087141beb6.xml,266,426,326,365
C:/Users/saira/project/images_new\PB29_jpg.rf.fc4cb52e1e17d39fcf33e180cfd1a13f.xml,260,423,333,363
C:/Users/saira/project/images_new\PB4_jpg.rf.5329a59a0bbff78ba7bad377b5aa9115.xml,259,435,479,502
C:/Users/saira/project/images_new\PB4_jpg.rf.a02ea14ea9872ae10d6b10902b419940.xml,268,445,473,505
C:/Users/saira/project/images_new\PB4_jpg.rf.d65170baa29380e4bb3b2dc00d9d9d8e.xml,213,390,477,506
C:/Users/saira/project/images_new\PB6_jpg.rf.1ca9d78bcd5f597609d1930e5ff3348e.xml,216,414,511,567
C:/Users/saira/project/images_new\PB6_jpg.rf.57020be1105eaeee2689d796e711bdf0.xml,275,475,510,558
C:/Users/saira/project/images_new\PB6_jpg.rf.6ea6f7dfbaa221e027259de0d19bd23e.xml,261,460,520,555
C:/Users/saira/project/images_new\PY13_jpg.rf.21e1a7d7fa985710ee1ae4ee4e6c2bec.xml,239,421,519,551
C:/Users/saira/project/images_new\PY13_jpg.rf.b966a772a04383c6588ef61a1e18d77d.xml,228,410,516,554
C:/Users/saira/project/images_new\PY13_jpg.rf.db0d6b81dfc6140515b19066fef0406a.xml,236,417,518,553
C:/Users/saira/project/images_new\PY6_jpg.rf.11c2b5b66ccdb1fae6ee9aaa7ff90254.xml,241,425,470,493
C:/Users/saira/project/images_new\PY6_jpg.rf.8db241b4db0edc85cd2a0b7788b2a715.xml,246,431,466,496
C:/Users/saira/project/images_new\PY6_jpg.rf.bdcc0ad3efc81445dd7cff5a1599e461.xml,250,435,450,511
C:/Users/saira/project/images_new\PY8_jpg.rf.28f7b41b00f9d9da237e6b9f3860f715.xml,265,491,451,479
C:/Users/saira/project/images_new\PY8_jpg.rf.3c89c0aa6ab1c4ef413d6dd24e74bc29.xml,168,393,453,489
C:/Users/saira/project/images_new\PY8_jpg.rf.cf0a8bf30065e04ad902f60d09f98645.xml,121,339,404,487
C:/Users/saira/project/images_new\RJ4_jpg.rf.11acc75c40164096565136de128f0893.xml,224,429,445,477
C:/Users/saira/project/images_new\RJ4_jpg.rf.1ffa02d0b386f1e249c43786b8bfc884.xml,203,410,437,483
C:/Users/saira/project/images_new\RJ4_jpg.rf.df94393b30162ed8dd13b949c2de08c5.xml,224,429,445,477
C:/Users/saira/project/images_new\RJ7_jpg.rf.5b9a30c433f81d93c90cc98c001628b6.xml,228,426,459,486
C:/Users/saira/project/images_new\RJ7_jpg.rf.7112e12de13219eecdff9f587160d6c8.xml,222,421,456,489
C:/Users/saira/project/images_new\RJ7_jpg.rf.8549bcb8e1d884d2413273d7735045be.xml,259,458,434,501
C:/Users/saira/project/images_new\SK9_jpg.rf.0fc74c22f5b6e47ddb07a29aeefe3af8.xml,267,460,515,597
C:/Users/saira/project/images_new\SK9_jpg.rf.63753060b11500a2d9084c72d4f96e7a.xml,263,456,517,595
C:/Users/saira/project/images_new\SK9_jpg.rf.c37149133d964f3943d67b9bd3061b30.xml,250,441,543,573
C:/Users/saira/project/images_new\TN10_jpg.rf.375298fab9521b149be5fe8d3e605948.xml,157,391,487,569
C:/Users/saira/project/images_new\TN10_jpg.rf.64036753f15b9896b9c0f4d6df7c519f.xml,147,380,478,572
C:/Users/saira/project/images_new\TN10_jpg.rf.d12868bcea768a0b443428ffd7e32b36.xml,198,434,514,554
C:/Users/saira/project/images_new\TN8_jpg.rf.58da7f6e787c99c467f4a1208c932d13.xml,211,394,213,253
C:/Users/saira/project/images_new\TN8_jpg.rf.59e9087d5e155e372b0412373184d6ec.xml,262,448,202,273
C:/Users/saira/project/images_new\TN8_jpg.rf.fa70ce4f0ea7f7806648ff2c920b8a4d.xml,244,428,208,257
C:/Users/saira/project/images_new\TN9_jpg.rf.08c3025aafb521bc6e964994584f290d.xml,230,396,287,341
C:/Users/saira/project/images_new\TN9_jpg.rf.88ba9831ba17922aad7a617456add40d.xml,231,396,284,343
C:/Users/saira/project/images_new\TN9_jpg.rf.e76da82e74fe83c357c33c36dad542d0.xml,228,394,307,324
C:/Users/saira/project/images_new\TR10_jpg.rf.764af7d800ad6ff8ab95a096c04f1201.xml,205,392,344,376
C:/Users/saira/project/images_new\TR10_jpg.rf.9d107a00b6c02d5848068f155082abd3.xml,248,434,352,371
C:/Users/saira/project/images_new\TR10_jpg.rf.bcec524995556eab98745958cbfe653a.xml,219,404,334,397
C:/Users/saira/project/images_new\TR2_jpg.rf.64118398c66cb01111fd383e9a685504.xml,221,432,300,335
C:/Users/saira/project/images_new\TR2_jpg.rf.c0ab54a0aed18792f142a45bd9f35e40.xml,221,432,294,343
C:/Users/saira/project/images_new\TR2_jpg.rf.e7baf3a5d41a1e19e399bf3ce60b61d2.xml,212,421,308,328
C:/Users/saira/project/images_new\TR5_jpg.rf.49cb0bfb987b9ef4eb51db8106207697.xml,187,403,512,559
C:/Users/saira/project/images_new\TR5_jpg.rf.a4faa8255f9b182d49d37570bad0affd.xml,222,436,523,552
C:/Users/saira/project/images_new\TR5_jpg.rf.f094fdce52d216c196c4e9437d70c817.xml,183,399,503,568
C:/Users/saira/project/images_new\TS10_jpg.rf.79acb30cb40e4b71ff326ffe85405e2d.xml,212,418,323,340
C:/Users/saira/project/images_new\TS10_jpg.rf.cc41475d2ea2e76a021561f4f6b6ab02.xml,211,416,299,362
C:/Users/saira/project/images_new\TS10_jpg.rf.d4d3be3718b940dbc674720ef08385af.xml,211,417,308,354
C:/Users/saira/project/images_new\TS13_jpg.rf.3c0cf3ac8cf906c4886473d48c663793.xml,221,462,426,455
C:/Users/saira/project/images_new\TS13_jpg.rf.afbd59fe07f31b31d3cc13d5941d695a.xml,195,436,403,481
C:/Users/saira/project/images_new\TS13_jpg.rf.b0c4c0d9278b03fe9c8b1c3c2dbd888b.xml,208,450,415,469
C:/Users/saira/project/images_new\TS14_jpg.rf.22c8b6fb551d0e4d0d9a0b304f0fe18c.xml,219,376,374,395
C:/Users/saira/project/images_new\TS14_jpg.rf.960d0d101b1559996b56132a0b2b6e30.xml,262,419,370,402
C:/Users/saira/project/images_new\TS14_jpg.rf.ddfb8d16bbc56a32693bb41a5d0e9e17.xml,253,410,362,415
C:/Users/saira/project/images_new\TS1_jpg.rf.69b3b8aba4838b7be52bdc2ff030b5b2.xml,260,460,454,518
C:/Users/saira/project/images_new\TS1_jpg.rf.d3c4bd89fe2e165aa82cec26e7697336.xml,193,393,451,525
C:/Users/saira/project/images_new\TS1_jpg.rf.e68539ed42ff269f1080151f4a5533e2.xml,232,430,475,505
C:/Users/saira/project/images_new\TS3_jpg.rf.4fa1a54de9a2919db3afc9786081bf19.xml,243,396,410,450
C:/Users/saira/project/images_new\TS3_jpg.rf.dda36735b9efe5eb634aa203d8205fcf.xml,255,406,418,442
C:/Users/saira/project/images_new\TS3_jpg.rf.e1b636d1f466ef9e5c944adbf1836e76.xml,222,375,407,449
C:/Users/saira/project/images_new\TS4_jpg.rf.79c3ca70e63029380cc5f91e0f1e1430.xml,274,417,361,404
C:/Users/saira/project/images_new\TS4_jpg.rf.b8f2eb5e660f6870430759b2b50841df.xml,250,393,357,416
C:/Users/saira/project/images_new\TS4_jpg.rf.daf1205fab117a2ffd3dc7eff9a0ebad.xml,267,408,372,398
C:/Users/saira/project/images_new\TS8_jpg.rf.247cde5438c6e9c72241bbc9f2a0e2bf.xml,222,413,357,385
C:/Users/saira/project/images_new\TS8_jpg.rf.a8b42d3e158122bc97bc98a86e4fdd71.xml,231,420,340,401
C:/Users/saira/project/images_new\TS8_jpg.rf.adf7e39abd4d9cb0ed78ed6d3e1b9497.xml,233,423,361,380
C:/Users/saira/project/images_new\UK1_jpg.rf.37d75f00a4001f4b766adc8dea02f148.xml,251,415,390,412
C:/Users/saira/project/images_new\UK1_jpg.rf.498d100fcf2bdcfe718eda5ddb80331b.xml,228,392,389,414
C:/Users/saira/project/images_new\UK1_jpg.rf.e9a9e3e8439cf72c21bed3f3a24e81d9.xml,227,391,390,412
C:/Users/saira/project/images_new\UP14_jpg.rf.14cec69f900161170384fb4e1b787051.xml,193,383,342,367
C:/Users/saira/project/images_new\UP14_jpg.rf.e1e1659664c39c99453c68ae97a87cc7.xml,207,389,336,390
C:/Users/saira/project/images_new\UP14_jpg.rf.f68eb90f3376d6f8f5a97cfd1f45def2.xml,193,383,342,369
C:/Users/saira/project/images_new\UP15_jpg.rf.0ac5e4614d0ebd456c37ab3c6ae81a08.xml,194,427,358,382
C:/Users/saira/project/images_new\UP15_jpg.rf.337664996c47df6e7f213c600bf7e6ed.xml,214,445,362,382
C:/Users/saira/project/images_new\UP15_jpg.rf.68559ffa10370ec087db71f60ec2e46e.xml,189,421,342,392
C:/Users/saira/project/images_new\UP17_jpg.rf.05151dc388e832451d7c6bd9cfa9a685.xml,237,429,409,450
C:/Users/saira/project/images_new\UP17_jpg.rf.b39e4902c5280c80609dbd68438142c1.xml,211,404,406,451
C:/Users/saira/project/images_new\UP17_jpg.rf.e1220a49bc4aff1537becb6d55e2bf3c.xml,230,421,416,444
C:/Users/saira/project/images_new\UP21_jpg.rf.9b9637b0a59911a2f0689a3e00443e70.xml,260,453,299,335
C:/Users/saira/project/images_new\UP21_jpg.rf.afa566acca06f58b6432b1ad5dac4bb7.xml,260,454,310,335
C:/Users/saira/project/images_new\UP21_jpg.rf.e9f661202769bc41f531d99118887332.xml,260,452,288,340
C:/Users/saira/project/images_new\UP25_jpg.rf.3389623c3f935389798b60f276f1daf6.xml,198,438,340,360
C:/Users/saira/project/images_new\UP25_jpg.rf.f0962c9f3e1bb58352762f21057d7b62.xml,201,442,326,375
C:/Users/saira/project/images_new\UP25_jpg.rf.f2f7a885936340caae61a9d900e1b0c8.xml,209,449,323,376
C:/Users/saira/project/images_new\UP3_jpg.rf.56e3547154f8c6e57a02ced6fb2e04e8.xml,235,408,255,294
C:/Users/saira/project/images_new\UP3_jpg.rf.829e38dcf1c36b2cc31e5cfff62ce4cf.xml,219,393,239,315
C:/Users/saira/project/images_new\UP3_jpg.rf.c6439bc93a42d5fda9d2a52f01179c07.xml,233,405,259,289
C:/Users/saira/project/images_new\WB23_jpg.rf.18a6cf07e12ffad505379fbd34da9787.xml,259,456,403,494
C:/Users/saira/project/images_new\WB23_jpg.rf.3d6809b6000e750e715a6c85d4d3caca.xml,202,399,405,499
C:/Users/saira/project/images_new\WB23_jpg.rf.a328cd25243d37104ab3c4dd5e7412ff.xml,235,425,427,480
C:/Users/saira/project/images_new\WB2_jpg.rf.52697cd280c25df7bbcf55354ab075b5.xml,224,435,444,471
C:/Users/saira/project/images_new\WB2_jpg.rf.6fad12297f2e5fa4ec3f9ce65fb15093.xml,226,437,446,469
C:/Users/saira/project/images_new\WB2_jpg.rf.f41044240c58e577b29cbfae1858b13e.xml,209,421,434,482
